 =====================>     TALLY 19: MESH TALLY     <======================

 Mesh Index (1, 1, 1)
   Total Material
     Flux                                 0 +/- 0
     (n,Xt)                               0 +/- 0
     heating-local                        0 +/- 0
     Absorption Rate                      0 +/- 0
 Mesh Index (2, 1, 1)
   Total Material
     Flux                                 0.00486053 +/- 0.00186534
     (n,Xt)                               0 +/- 0
     heating-local                        0 +/- 0
     Absorption Rate                      0.000416132 +/- 0.000336869
 Mesh Index (3, 1, 1)
   Total Material
     Flux                                 0.00349203 +/- 0.00243571
     (n,Xt)                               0 +/- 0
     heating-local                        0 +/- 0
     Absorption Rate                      1.3624e-05 +/- 1.3624e-05
 Mesh Index (4, 1, 1)
   Total Material
     Flux                                 0.00152819 +/- 0.00152819
     (n,Xt)                               0 +/- 0
     heating-local                        0 +/- 0
     Absorption Rate                      0.000973015 +/- 0.000973015
 Mesh Index (5, 1, 1)
   Total Material
     Flux                                 0.00328683 +/- 0.00328683
     (n,Xt)                               0 +/- 0
     heating-local                        0 +/- 0
     Absorption Rate                      0 +/- 0
 Mesh Index (6, 1, 1)
   Total Material
     Flux                                 0.00291422 +/- 0.00291422
     (n,Xt)                               0 +/- 0
     heating-local                        0 +/- 0
     Absorption Rate                      0 +/- 0
 Mesh Index (7, 1, 1)
   Total Material
     Flux                                 0.00441692 +/- 0.00311181
     (n,Xt)                               0 +/- 0
     heating-local                        0 +/- 0
     Absorption Rate                      0 +/- 0
 Mesh Index (8, 1, 1)
   Total Material
     Flux                                 0.00880616 +/- 0.0053778
     (n,Xt)                               0 +/- 0
     heating-local                        0 +/- 0
     Absorption Rate                      0 +/- 0
 Mesh Index (9, 1, 1)
   Total Material
     Flux                                 0.00798508 +/- 0.00457764
     (n,Xt)                               0 +/- 0
     heating-local                        0 +/- 0
     Absorption Rate                      0 +/- 0
 Mesh Index (10, 1, 1)
   Total Material
     Flux                                 0.0112931 +/- 0.00670076
     (n,Xt)                               0 +/- 0
     heating-local                        0 +/- 0
     Absorption Rate                      0 +/- 0
 Mesh Index (11, 1, 1)
   Total Material
     Flux                                 0.0105504 +/- 0.00542239
     (n,Xt)                               0 +/- 0
     heating-local                        0 +/- 0
     Absorption Rate                      0 +/- 0
 Mesh Index (12, 1, 1)
   Total Material
     Flux                                 0.0155668 +/- 0.00640931
     (n,Xt)                               0 +/- 0
     heating-local                        0 +/- 0
     Absorption Rate                      0.000112756 +/- 0.000112756
 Mesh Index (13, 1, 1)
   Total Material
     Flux                                 0.0171769 +/- 0.00763526
     (n,Xt)                               0 +/- 0
     heating-local                        0 +/- 0
     Absorption Rate                      0.000144204 +/- 0.000144204
 Mesh Index (14, 1, 1)
   Total Material
     Flux                                 0.00251457 +/- 0.00198335
     (n,Xt)                               0 +/- 0
     heating-local                        0 +/- 0
     Absorption Rate                      8.29151e-06 +/- 8.29151e-06
 Mesh Index (15, 1, 1)
   Total Material
     Flux                                 0.013425 +/- 0.00490393
     (n,Xt)                               0 +/- 0
     heating-local                        0 +/- 0
     Absorption Rate                      4.12589e-05 +/- 4.12589e-05
 Mesh Index (16, 1, 1)
   Total Material
     Flux                                 0.00251779 +/- 0.00222372
     (n,Xt)                               0 +/- 0
     heating-local                        0 +/- 0
     Absorption Rate                      0 +/- 0
 Mesh Index (17, 1, 1)
   Total Material
     Flux                                 0.0119819 +/- 0.00554389
     (n,Xt)                               0 +/- 0
     heating-local                        0 +/- 0
     Absorption Rate                      0.000460218 +/- 0.00044823
 Mesh Index (18, 1, 1)
   Total Material
     Flux                                 0.0316672 +/- 0.00941862
     (n,Xt)                               0 +/- 0
     heating-local                        0 +/- 0
     Absorption Rate                      0.000293202 +/- 0.000262994
 Mesh Index (19, 1, 1)
   Total Material
     Flux                                 0.0174449 +/- 0.00745497
     (n,Xt)                               0 +/- 0
     heating-local                        0 +/- 0
     Absorption Rate                      0 +/- 0
 Mesh Index (20, 1, 1)
   Total Material
     Flux                                 0.00719547 +/- 0.00525028
     (n,Xt)                               0 +/- 0
     heating-local                        0 +/- 0
     Absorption Rate                      4.86187e-06 +/- 4.86187e-06
 Mesh Index (21, 1, 1)
   Total Material
     Flux                                 0.0140883 +/- 0.00889766
     (n,Xt)                               0 +/- 0
     heating-local                        0 +/- 0
     Absorption Rate                      5.21607e-06 +/- 5.21607e-06
 Mesh Index (22, 1, 1)
   Total Material
     Flux                                 0.00993013 +/- 0.00445469
     (n,Xt)                               0 +/- 0
     heating-local                        0 +/- 0
     Absorption Rate                      0.000603032 +/- 0.00060145
 Mesh Index (23, 1, 1)
   Total Material
     Flux                                 0.00510176 +/- 0.00325527
     (n,Xt)                               0 +/- 0
     heating-local                        0 +/- 0
     Absorption Rate                      8.50098e-05 +/- 8.50098e-05
 Mesh Index (24, 1, 1)
   Total Material
     Flux                                 0.00144773 +/- 0.00144773
     (n,Xt)                               0 +/- 0
     heating-local                        0 +/- 0
     Absorption Rate                      0 +/- 0
 Mesh Index (1, 1, 2)
   Total Material
     Flux                                 0 +/- 0
     (n,Xt)                               0 +/- 0
     heating-local                        0 +/- 0
     Absorption Rate                      0 +/- 0
 Mesh Index (2, 1, 2)
   Total Material
     Flux                                 0.000623694 +/- 0.000623694
     (n,Xt)                               0 +/- 0
     heating-local                        0 +/- 0
     Absorption Rate                      0 +/- 0
 Mesh Index (3, 1, 2)
   Total Material
     Flux                                 0.0025793 +/- 0.0025793
     (n,Xt)                               0 +/- 0
     heating-local                        0 +/- 0
     Absorption Rate                      0.000699997 +/- 0.000699997
 Mesh Index (4, 1, 2)
   Total Material
     Flux                                 0.00385009 +/- 0.00246104
     (n,Xt)                               0 +/- 0
     heating-local                        0 +/- 0
     Absorption Rate                      0.00129346 +/- 0.00129346
 Mesh Index (5, 1, 2)
   Total Material
     Flux                                 0.00161832 +/- 0.00161832
     (n,Xt)                               0 +/- 0
     heating-local                        0 +/- 0
     Absorption Rate                      0 +/- 0
 Mesh Index (6, 1, 2)
   Total Material
     Flux                                 0.00291422 +/- 0.00291422
     (n,Xt)                               0 +/- 0
     heating-local                        0 +/- 0
     Absorption Rate                      0 +/- 0
 Mesh Index (7, 1, 2)
   Total Material
     Flux                                 0.00288349 +/- 0.00288349
     (n,Xt)                               0 +/- 0
     heating-local                        0 +/- 0
     Absorption Rate                      0 +/- 0
 Mesh Index (8, 1, 2)
   Total Material
     Flux                                 0.011887 +/- 0.0065704
     (n,Xt)                               0 +/- 0
     heating-local                        0 +/- 0
     Absorption Rate                      0 +/- 0
 Mesh Index (9, 1, 2)
   Total Material
     Flux                                 0.0143729 +/- 0.00593657
     (n,Xt)                               0 +/- 0
     heating-local                        0 +/- 0
     Absorption Rate                      1.7568e-05 +/- 1.7568e-05
 Mesh Index (10, 1, 2)
   Total Material
     Flux                                 0.0085389 +/- 0.00428337
     (n,Xt)                               0 +/- 0
     heating-local                        0 +/- 0
     Absorption Rate                      0 +/- 0
 Mesh Index (11, 1, 2)
   Total Material
     Flux                                 0.0117778 +/- 0.00629145
     (n,Xt)                               0 +/- 0
     heating-local                        0 +/- 0
     Absorption Rate                      0 +/- 0
 Mesh Index (12, 1, 2)
   Total Material
     Flux                                 0.0220603 +/- 0.00842977
     (n,Xt)                               0 +/- 0
     heating-local                        0 +/- 0
     Absorption Rate                      0.00025696 +/- 0.00025696
 Mesh Index (13, 1, 2)
   Total Material
     Flux                                 0.00889715 +/- 0.00491327
     (n,Xt)                               0 +/- 0
     heating-local                        0 +/- 0
     Absorption Rate                      8.7459e-07 +/- 8.7459e-07
 Mesh Index (14, 1, 2)
   Total Material
     Flux                                 0.0115096 +/- 0.00549434
     (n,Xt)                               0 +/- 0
     heating-local                        0 +/- 0
     Absorption Rate                      4.15849e-05 +/- 4.15849e-05
 Mesh Index (15, 1, 2)
   Total Material
     Flux                                 0.00632069 +/- 0.00365872
     (n,Xt)                               0 +/- 0
     heating-local                        0 +/- 0
     Absorption Rate                      0 +/- 0
 Mesh Index (16, 1, 2)
   Total Material
     Flux                                 0.0158851 +/- 0.00693439
     (n,Xt)                               0 +/- 0
     heating-local                        0 +/- 0
     Absorption Rate                      0.0004813 +/- 0.000459029
 Mesh Index (17, 1, 2)
   Total Material
     Flux                                 0.0283145 +/- 0.00775246
     (n,Xt)                               0 +/- 0
     heating-local                        0 +/- 0
     Absorption Rate                      0.000272826 +/- 0.000251605
 Mesh Index (18, 1, 2)
   Total Material
     Flux                                 0.0202963 +/- 0.0076789
     (n,Xt)                               0 +/- 0
     heating-local                        0 +/- 0
     Absorption Rate                      5.22134e-06 +/- 5.22134e-06
 Mesh Index (19, 1, 2)
   Total Material
     Flux                                 0.010638 +/- 0.00707124
     (n,Xt)                               0 +/- 0
     heating-local                        0 +/- 0
     Absorption Rate                      5.21929e-06 +/- 5.21929e-06
 Mesh Index (20, 1, 2)
   Total Material
     Flux                                 0.0131057 +/- 0.00578201
     (n,Xt)                               0 +/- 0
     heating-local                        0 +/- 0
     Absorption Rate                      0.000218651 +/- 0.000218256
 Mesh Index (21, 1, 2)
   Total Material
     Flux                                 0.0124794 +/- 0.00547222
     (n,Xt)                               0 +/- 0
     heating-local                        0 +/- 0
     Absorption Rate                      0.000670161 +/- 0.000670161
 Mesh Index (22, 1, 2)
   Total Material
     Flux                                 0.00692327 +/- 0.00304215
     (n,Xt)                               0 +/- 0
     heating-local                        0 +/- 0
     Absorption Rate                      6.65953e-05 +/- 6.62237e-05
 Mesh Index (23, 1, 2)
   Total Material
     Flux                                 0.0080741 +/- 0.00405319
     (n,Xt)                               0 +/- 0
     heating-local                        0 +/- 0
     Absorption Rate                      0 +/- 0
 Mesh Index (24, 1, 2)
   Total Material
     Flux                                 0.00915909 +/- 0.00407923
     (n,Xt)                               0 +/- 0
     heating-local                        0 +/- 0
     Absorption Rate                      0 +/- 0
 Mesh Index (1, 1, 3)
   Total Material
     Flux                                 0.00102504 +/- 0.00102504
     (n,Xt)                               0 +/- 0
     heating-local                        0 +/- 0
     Absorption Rate                      0 +/- 0
 Mesh Index (2, 1, 3)
   Total Material
     Flux                                 0.0031907 +/- 0.00247665
     (n,Xt)                               0 +/- 0
     heating-local                        0 +/- 0
     Absorption Rate                      3.34141e-06 +/- 3.34141e-06
 Mesh Index (3, 1, 3)
   Total Material
     Flux                                 0.00421034 +/- 0.00306432
     (n,Xt)                               0 +/- 0
     heating-local                        0 +/- 0
     Absorption Rate                      0.000938626 +/- 0.000810898
 Mesh Index (4, 1, 3)
   Total Material
     Flux                                 0.00674469 +/- 0.00409706
     (n,Xt)                               0 +/- 0
     heating-local                        0 +/- 0
     Absorption Rate                      0 +/- 0
 Mesh Index (5, 1, 3)
   Total Material
     Flux                                 0 +/- 0
     (n,Xt)                               0 +/- 0
     heating-local                        0 +/- 0
     Absorption Rate                      0 +/- 0
 Mesh Index (6, 1, 3)
   Total Material
     Flux                                 0.00291422 +/- 0.00291422
     (n,Xt)                               0 +/- 0
     heating-local                        0 +/- 0
     Absorption Rate                      0 +/- 0
 Mesh Index (7, 1, 3)
   Total Material
     Flux                                 0.00584648 +/- 0.0038981
     (n,Xt)                               0 +/- 0
     heating-local                        0 +/- 0
     Absorption Rate                      0 +/- 0
 Mesh Index (8, 1, 3)
   Total Material
     Flux                                 0.0188956 +/- 0.00770341
     (n,Xt)                               0 +/- 0
     heating-local                        0 +/- 0
     Absorption Rate                      2.6341e-05 +/- 1.82792e-05
 Mesh Index (9, 1, 3)
   Total Material
     Flux                                 0.0186398 +/- 0.00452252
     (n,Xt)                               0 +/- 0
     heating-local                        0 +/- 0
     Absorption Rate                      0.00508202 +/- 0.00467165
 Mesh Index (10, 1, 3)
   Total Material
     Flux                                 0.00635984 +/- 0.00338185
     (n,Xt)                               0 +/- 0
     heating-local                        0 +/- 0
     Absorption Rate                      2.79651e-06 +/- 2.79651e-06
 Mesh Index (11, 1, 3)
   Total Material
     Flux                                 0.0195566 +/- 0.00535005
     (n,Xt)                               0 +/- 0
     heating-local                        0 +/- 0
     Absorption Rate                      4.34995e-05 +/- 4.34995e-05
 Mesh Index (12, 1, 3)
   Total Material
     Flux                                 0.0180838 +/- 0.00483713
     (n,Xt)                               0 +/- 0
     heating-local                        0 +/- 0
     Absorption Rate                      4.34606e-05 +/- 4.34606e-05
 Mesh Index (13, 1, 3)
   Total Material
     Flux                                 0.0074459 +/- 0.00452271
     (n,Xt)                               0 +/- 0
     heating-local                        0 +/- 0
     Absorption Rate                      4.30601e-06 +/- 4.30601e-06
 Mesh Index (14, 1, 3)
   Total Material
     Flux                                 0.0110477 +/- 0.00618048
     (n,Xt)                               0 +/- 0
     heating-local                        0 +/- 0
     Absorption Rate                      0 +/- 0
 Mesh Index (15, 1, 3)
   Total Material
     Flux                                 0.0150482 +/- 0.00536558
     (n,Xt)                               0 +/- 0
     heating-local                        0 +/- 0
     Absorption Rate                      0.00050402 +/- 0.000469724
 Mesh Index (16, 1, 3)
   Total Material
     Flux                                 0.0214499 +/- 0.00589945
     (n,Xt)                               0 +/- 0
     heating-local                        0 +/- 0
     Absorption Rate                      0.000282065 +/- 0.000265865
 Mesh Index (17, 1, 3)
   Total Material
     Flux                                 0.0221072 +/- 0.00762195
     (n,Xt)                               0 +/- 0
     heating-local                        0 +/- 0
     Absorption Rate                      3.34432e-05 +/- 2.87766e-05
 Mesh Index (18, 1, 3)
   Total Material
     Flux                                 0.0141017 +/- 0.00734928
     (n,Xt)                               0 +/- 0
     heating-local                        0 +/- 0
     Absorption Rate                      0 +/- 0
 Mesh Index (19, 1, 3)
   Total Material
     Flux                                 0.0128124 +/- 0.00503361
     (n,Xt)                               0 +/- 0
     heating-local                        0 +/- 0
     Absorption Rate                      0.000130485 +/- 0.000130485
 Mesh Index (20, 1, 3)
   Total Material
     Flux                                 0.0131322 +/- 0.00608091
     (n,Xt)                               0 +/- 0
     heating-local                        0 +/- 0
     Absorption Rate                      0.000454553 +/- 0.000454553
 Mesh Index (21, 1, 3)
   Total Material
     Flux                                 0.00999135 +/- 0.00423832
     (n,Xt)                               0 +/- 0
     heating-local                        0 +/- 0
     Absorption Rate                      9.07204e-06 +/- 9.07204e-06
 Mesh Index (22, 1, 3)
   Total Material
     Flux                                 0.0118571 +/- 0.00598026
     (n,Xt)                               0 +/- 0
     heating-local                        0 +/- 0
     Absorption Rate                      1.42691e-05 +/- 1.42691e-05
 Mesh Index (23, 1, 3)
   Total Material
     Flux                                 0.00402553 +/- 0.00299272
     (n,Xt)                               0 +/- 0
     heating-local                        0 +/- 0
     Absorption Rate                      0 +/- 0
 Mesh Index (24, 1, 3)
   Total Material
     Flux                                 0 +/- 0
     (n,Xt)                               0 +/- 0
     heating-local                        0 +/- 0
     Absorption Rate                      0 +/- 0
 Mesh Index (1, 1, 4)
   Total Material
     Flux                                 0.00170188 +/- 0.00120042
     (n,Xt)                               0 +/- 0
     heating-local                        0 +/- 0
     Absorption Rate                      2.09822e-05 +/- 2.09822e-05
 Mesh Index (2, 1, 4)
   Total Material
     Flux                                 0.00201229 +/- 0.00201229
     (n,Xt)                               0 +/- 0
     heating-local                        0 +/- 0
     Absorption Rate                      6.30223e-05 +/- 6.30223e-05
 Mesh Index (3, 1, 4)
   Total Material
     Flux                                 0.00908718 +/- 0.00457401
     (n,Xt)                               0 +/- 0
     heating-local                        0 +/- 0
     Absorption Rate                      0 +/- 0
 Mesh Index (4, 1, 4)
   Total Material
     Flux                                 0.0042471 +/- 0.00287992
     (n,Xt)                               0 +/- 0
     heating-local                        0 +/- 0
     Absorption Rate                      0 +/- 0
 Mesh Index (5, 1, 4)
   Total Material
     Flux                                 0.00526953 +/- 0.00351502
     (n,Xt)                               0 +/- 0
     heating-local                        0 +/- 0
     Absorption Rate                      0 +/- 0
 Mesh Index (6, 1, 4)
   Total Material
     Flux                                 0.000359079 +/- 0.000359079
     (n,Xt)                               0 +/- 0
     heating-local                        0 +/- 0
     Absorption Rate                      0 +/- 0
 Mesh Index (7, 1, 4)
   Total Material
     Flux                                 0.0120193 +/- 0.00529917
     (n,Xt)                               0 +/- 0
     heating-local                        0 +/- 0
     Absorption Rate                      9.24721e-07 +/- 9.24721e-07
 Mesh Index (8, 1, 4)
   Total Material
     Flux                                 0.0260892 +/- 0.00851952
     (n,Xt)                               0 +/- 0
     heating-local                        0 +/- 0
     Absorption Rate                      0.00776407 +/- 0.00527763
 Mesh Index (9, 1, 4)
   Total Material
     Flux                                 0.0120969 +/- 0.00394837
     (n,Xt)                               0 +/- 0
     heating-local                        0 +/- 0
     Absorption Rate                      0.00280156 +/- 0.00186463
 Mesh Index (10, 1, 4)
   Total Material
     Flux                                 0.0137981 +/- 0.00615667
     (n,Xt)                               0 +/- 0
     heating-local                        0 +/- 0
     Absorption Rate                      1.10342e-05 +/- 1.02606e-05
 Mesh Index (11, 1, 4)
   Total Material
     Flux                                 0.0209631 +/- 0.00690178
     (n,Xt)                               0 +/- 0
     heating-local                        0 +/- 0
     Absorption Rate                      3.07626e-05 +/- 2.80873e-05
 Mesh Index (12, 1, 4)
   Total Material
     Flux                                 0.0125588 +/- 0.00557335
     (n,Xt)                               0 +/- 0
     heating-local                        0 +/- 0
     Absorption Rate                      4.19966e-05 +/- 3.88224e-05
 Mesh Index (13, 1, 4)
   Total Material
     Flux                                 0.0114999 +/- 0.00732763
     (n,Xt)                               0 +/- 0
     heating-local                        0 +/- 0
     Absorption Rate                      2.79773e-06 +/- 2.79773e-06
 Mesh Index (14, 1, 4)
   Total Material
     Flux                                 0.0162624 +/- 0.00513611
     (n,Xt)                               0 +/- 0
     heating-local                        0 +/- 0
     Absorption Rate                      0.000510335 +/- 0.00048119
 Mesh Index (15, 1, 4)
   Total Material
     Flux                                 0.015417 +/- 0.00689886
     (n,Xt)                               0 +/- 0
     heating-local                        0 +/- 0
     Absorption Rate                      0.000277791 +/- 0.000273862
 Mesh Index (16, 1, 4)
   Total Material
     Flux                                 0.0227249 +/- 0.00630726
     (n,Xt)                               0 +/- 0
     heating-local                        0 +/- 0
     Absorption Rate                      3.29346e-05 +/- 3.29346e-05
 Mesh Index (17, 1, 4)
   Total Material
     Flux                                 0.0198198 +/- 0.00936326
     (n,Xt)                               0 +/- 0
     heating-local                        0 +/- 0
     Absorption Rate                      0 +/- 0
 Mesh Index (18, 1, 4)
   Total Material
     Flux                                 0.010337 +/- 0.00487694
     (n,Xt)                               0 +/- 0
     heating-local                        0 +/- 0
     Absorption Rate                      0 +/- 0
 Mesh Index (19, 1, 4)
   Total Material
     Flux                                 0.0149717 +/- 0.00519627
     (n,Xt)                               0 +/- 0
     heating-local                        0 +/- 0
     Absorption Rate                      0 +/- 0
 Mesh Index (20, 1, 4)
   Total Material
     Flux                                 0.0135518 +/- 0.0058771
     (n,Xt)                               0 +/- 0
     heating-local                        0 +/- 0
     Absorption Rate                      1.46873e-05 +/- 1.46873e-05
 Mesh Index (21, 1, 4)
   Total Material
     Flux                                 0.00726918 +/- 0.00420136
     (n,Xt)                               0 +/- 0
     heating-local                        0 +/- 0
     Absorption Rate                      8.65382e-06 +/- 8.65382e-06
 Mesh Index (22, 1, 4)
   Total Material
     Flux                                 0.00105351 +/- 0.00105351
     (n,Xt)                               0 +/- 0
     heating-local                        0 +/- 0
     Absorption Rate                      0 +/- 0
 Mesh Index (23, 1, 4)
   Total Material
     Flux                                 0 +/- 0
     (n,Xt)                               0 +/- 0
     heating-local                        0 +/- 0
     Absorption Rate                      0 +/- 0
 Mesh Index (24, 1, 4)
   Total Material
     Flux                                 0 +/- 0
     (n,Xt)                               0 +/- 0
     heating-local                        0 +/- 0
     Absorption Rate                      0 +/- 0
 Mesh Index (1, 1, 5)
   Total Material
     Flux                                 0.000876068 +/- 0.000876068
     (n,Xt)                               0 +/- 0
     heating-local                        0 +/- 0
     Absorption Rate                      1.65015e-05 +/- 1.65015e-05
 Mesh Index (2, 1, 5)
   Total Material
     Flux                                 0 +/- 0
     (n,Xt)                               0 +/- 0
     heating-local                        0 +/- 0
     Absorption Rate                      0 +/- 0
 Mesh Index (3, 1, 5)
   Total Material
     Flux                                 0 +/- 0
     (n,Xt)                               0 +/- 0
     heating-local                        0 +/- 0
     Absorption Rate                      0 +/- 0
 Mesh Index (4, 1, 5)
   Total Material
     Flux                                 0.00595323 +/- 0.0036237
     (n,Xt)                               0 +/- 0
     heating-local                        0 +/- 0
     Absorption Rate                      0 +/- 0
 Mesh Index (5, 1, 5)
   Total Material
     Flux                                 0.0113685 +/- 0.00646499
     (n,Xt)                               0 +/- 0
     heating-local                        0 +/- 0
     Absorption Rate                      0 +/- 0
 Mesh Index (6, 1, 5)
   Total Material
     Flux                                 0.00203885 +/- 0.00203885
     (n,Xt)                               0 +/- 0
     heating-local                        0 +/- 0
     Absorption Rate                      0 +/- 0
 Mesh Index (7, 1, 5)
   Total Material
     Flux                                 0.0330321 +/- 0.0102407
     (n,Xt)                               0 +/- 0
     heating-local                        0 +/- 0
     Absorption Rate                      4.63915e-05 +/- 2.57457e-05
 Mesh Index (8, 1, 5)
   Total Material
     Flux                                 0.0164477 +/- 0.00580502
     (n,Xt)                               0 +/- 0
     heating-local                        0 +/- 0
     Absorption Rate                      0.00794971 +/- 0.00619125
 Mesh Index (9, 1, 5)
   Total Material
     Flux                                 0.00404337 +/- 0.00273279
     (n,Xt)                               0 +/- 0
     heating-local                        0 +/- 0
     Absorption Rate                      8.27002e-05 +/- 8.27002e-05
 Mesh Index (10, 1, 5)
   Total Material
     Flux                                 0.0234617 +/- 0.00760293
     (n,Xt)                               0 +/- 0
     heating-local                        0 +/- 0
     Absorption Rate                      1.3583e-05 +/- 9.26354e-06
 Mesh Index (11, 1, 5)
   Total Material
     Flux                                 0.0159713 +/- 0.00715816
     (n,Xt)                               0 +/- 0
     heating-local                        0 +/- 0
     Absorption Rate                      0.00018294 +/- 0.000176989
 Mesh Index (12, 1, 5)
   Total Material
     Flux                                 0.0128775 +/- 0.00652467
     (n,Xt)                               0 +/- 0
     heating-local                        0 +/- 0
     Absorption Rate                      0.000941254 +/- 0.000935439
 Mesh Index (13, 1, 5)
   Total Material
     Flux                                 0.0177948 +/- 0.0049871
     (n,Xt)                               0 +/- 0
     heating-local                        0 +/- 0
     Absorption Rate                      0.000498336 +/- 0.000495629
 Mesh Index (14, 1, 5)
   Total Material
     Flux                                 0.0132656 +/- 0.00741009
     (n,Xt)                               0 +/- 0
     heating-local                        0 +/- 0
     Absorption Rate                      0.000285158 +/- 0.000278926
 Mesh Index (15, 1, 5)
   Total Material
     Flux                                 0.0247671 +/- 0.00595216
     (n,Xt)                               0 +/- 0
     heating-local                        0 +/- 0
     Absorption Rate                      1.54584e-05 +/- 1.54584e-05
 Mesh Index (16, 1, 5)
   Total Material
     Flux                                 0.0222157 +/- 0.00828531
     (n,Xt)                               0 +/- 0
     heating-local                        0 +/- 0
     Absorption Rate                      0 +/- 0
 Mesh Index (17, 1, 5)
   Total Material
     Flux                                 0.00881571 +/- 0.00404703
     (n,Xt)                               0 +/- 0
     heating-local                        0 +/- 0
     Absorption Rate                      0 +/- 0
 Mesh Index (18, 1, 5)
   Total Material
     Flux                                 0.0163715 +/- 0.00527558
     (n,Xt)                               0 +/- 0
     heating-local                        0 +/- 0
     Absorption Rate                      2.35832e-06 +/- 2.35832e-06
 Mesh Index (19, 1, 5)
   Total Material
     Flux                                 0.0119805 +/- 0.00570003
     (n,Xt)                               0 +/- 0
     heating-local                        0 +/- 0
     Absorption Rate                      1.78756e-05 +/- 1.78756e-05
 Mesh Index (20, 1, 5)
   Total Material
     Flux                                 0.00301506 +/- 0.00242938
     (n,Xt)                               0 +/- 0
     heating-local                        0 +/- 0
     Absorption Rate                      3.10721e-06 +/- 3.10721e-06
 Mesh Index (21, 1, 5)
   Total Material
     Flux                                 0 +/- 0
     (n,Xt)                               0 +/- 0
     heating-local                        0 +/- 0
     Absorption Rate                      0 +/- 0
 Mesh Index (22, 1, 5)
   Total Material
     Flux                                 0 +/- 0
     (n,Xt)                               0 +/- 0
     heating-local                        0 +/- 0
     Absorption Rate                      0 +/- 0
 Mesh Index (23, 1, 5)
   Total Material
     Flux                                 0.00143147 +/- 0.00137444
     (n,Xt)                               0 +/- 0
     heating-local                        0 +/- 0
     Absorption Rate                      7.99209e-08 +/- 7.99209e-08
 Mesh Index (24, 1, 5)
   Total Material
     Flux                                 0.00678501 +/- 0.0039348
     (n,Xt)                               0 +/- 0
     heating-local                        0 +/- 0
     Absorption Rate                      7.22132e-06 +/- 4.99743e-06
 Mesh Index (1, 1, 6)
   Total Material
     Flux                                 0 +/- 0
     (n,Xt)                               0 +/- 0
     heating-local                        0 +/- 0
     Absorption Rate                      0 +/- 0
 Mesh Index (2, 1, 6)
   Total Material
     Flux                                 0.00316125 +/- 0.00188317
     (n,Xt)                               0 +/- 0
     heating-local                        0 +/- 0
     Absorption Rate                      0.000185359 +/- 0.000144035
 Mesh Index (3, 1, 6)
   Total Material
     Flux                                 0 +/- 0
     (n,Xt)                               0 +/- 0
     heating-local                        0 +/- 0
     Absorption Rate                      0 +/- 0
 Mesh Index (4, 1, 6)
   Total Material
     Flux                                 0.00152277 +/- 0.00152277
     (n,Xt)                               0 +/- 0
     heating-local                        0 +/- 0
     Absorption Rate                      0 +/- 0
 Mesh Index (5, 1, 6)
   Total Material
     Flux                                 0.00486889 +/- 0.0029897
     (n,Xt)                               0 +/- 0
     heating-local                        0 +/- 0
     Absorption Rate                      0 +/- 0
 Mesh Index (6, 1, 6)
   Total Material
     Flux                                 0.00712978 +/- 0.00373513
     (n,Xt)                               0 +/- 0
     heating-local                        0 +/- 0
     Absorption Rate                      4.81522e-07 +/- 4.81522e-07
 Mesh Index (7, 1, 6)
   Total Material
     Flux                                 0.0296156 +/- 0.0112916
     (n,Xt)                               0 +/- 0
     heating-local                        0 +/- 0
     Absorption Rate                      0.00420548 +/- 0.00414656
 Mesh Index (8, 1, 6)
   Total Material
     Flux                                 0.0136897 +/- 0.00568437
     (n,Xt)                               0 +/- 0
     heating-local                        0 +/- 0
     Absorption Rate                      0.00215038 +/- 0.0020698
 Mesh Index (9, 1, 6)
   Total Material
     Flux                                 0.0205083 +/- 0.00795412
     (n,Xt)                               0 +/- 0
     heating-local                        0 +/- 0
     Absorption Rate                      1.28109e-05 +/- 8.59041e-06
 Mesh Index (10, 1, 6)
   Total Material
     Flux                                 0.0112544 +/- 0.00377965
     (n,Xt)                               0 +/- 0
     heating-local                        0 +/- 0
     Absorption Rate                      0.0002999 +/- 0.000298386
 Mesh Index (11, 1, 6)
   Total Material
     Flux                                 0.0136425 +/- 0.00921957
     (n,Xt)                               0 +/- 0
     heating-local                        0 +/- 0
     Absorption Rate                      0.00111361 +/- 0.00111351
 Mesh Index (12, 1, 6)
   Total Material
     Flux                                 0.0237542 +/- 0.00580515
     (n,Xt)                               0 +/- 0
     heating-local                        0 +/- 0
     Absorption Rate                      0.000522016 +/- 0.000522016
 Mesh Index (13, 1, 6)
   Total Material
     Flux                                 0.0149904 +/- 0.00681201
     (n,Xt)                               0 +/- 0
     heating-local                        0 +/- 0
     Absorption Rate                      0.000362404 +/- 0.000274659
 Mesh Index (14, 1, 6)
   Total Material
     Flux                                 0.0171869 +/- 0.00554844
     (n,Xt)                               0 +/- 0
     heating-local                        0 +/- 0
     Absorption Rate                      2.52016e-05 +/- 2.52016e-05
 Mesh Index (15, 1, 6)
   Total Material
     Flux                                 0.0190473 +/- 0.00794169
     (n,Xt)                               0 +/- 0
     heating-local                        0 +/- 0
     Absorption Rate                      0 +/- 0
 Mesh Index (16, 1, 6)
   Total Material
     Flux                                 0.0111107 +/- 0.00443149
     (n,Xt)                               0 +/- 0
     heating-local                        0 +/- 0
     Absorption Rate                      0 +/- 0
 Mesh Index (17, 1, 6)
   Total Material
     Flux                                 0.0185214 +/- 0.005149
     (n,Xt)                               0 +/- 0
     heating-local                        0 +/- 0
     Absorption Rate                      4.13553e-05 +/- 3.25217e-05
 Mesh Index (18, 1, 6)
   Total Material
     Flux                                 0.0111957 +/- 0.00466823
     (n,Xt)                               0 +/- 0
     heating-local                        0 +/- 0
     Absorption Rate                      0.00016587 +/- 0.00014933
 Mesh Index (19, 1, 6)
   Total Material
     Flux                                 0.00218913 +/- 0.00161828
     (n,Xt)                               0 +/- 0
     heating-local                        0 +/- 0
     Absorption Rate                      0 +/- 0
 Mesh Index (20, 1, 6)
   Total Material
     Flux                                 0.00331596 +/- 0.00331596
     (n,Xt)                               0 +/- 0
     heating-local                        0 +/- 0
     Absorption Rate                      0 +/- 0
 Mesh Index (21, 1, 6)
   Total Material
     Flux                                 0.00110302 +/- 0.00110302
     (n,Xt)                               0 +/- 0
     heating-local                        0 +/- 0
     Absorption Rate                      0 +/- 0
 Mesh Index (22, 1, 6)
   Total Material
     Flux                                 0.0056292 +/- 0.00377232
     (n,Xt)                               0 +/- 0
     heating-local                        0 +/- 0
     Absorption Rate                      3.91486e-06 +/- 3.91486e-06
 Mesh Index (23, 1, 6)
   Total Material
     Flux                                 0.00945497 +/- 0.00397405
     (n,Xt)                               0 +/- 0
     heating-local                        0 +/- 0
     Absorption Rate                      0.000523879 +/- 0.000509407
 Mesh Index (24, 1, 6)
   Total Material
     Flux                                 0.00524302 +/- 0.00352873
     (n,Xt)                               0 +/- 0
     heating-local                        0 +/- 0
     Absorption Rate                      0.000657003 +/- 0.00064844
 Mesh Index (1, 1, 7)
   Total Material
     Flux                                 0.000200191 +/- 0.000200191
     (n,Xt)                               0 +/- 0
     heating-local                        0 +/- 0
     Absorption Rate                      1.11e-05 +/- 1.11e-05
 Mesh Index (2, 1, 7)
   Total Material
     Flux                                 0.00347191 +/- 0.00178789
     (n,Xt)                               0 +/- 0
     heating-local                        0 +/- 0
     Absorption Rate                      8.20826e-05 +/- 5.54258e-05
 Mesh Index (3, 1, 7)
   Total Material
     Flux                                 0.000272739 +/- 0.000272739
     (n,Xt)                               0 +/- 0
     heating-local                        0 +/- 0
     Absorption Rate                      5.04193e-06 +/- 5.04193e-06
 Mesh Index (4, 1, 7)
   Total Material
     Flux                                 0.00650179 +/- 0.0055665
     (n,Xt)                               0 +/- 0
     heating-local                        0 +/- 0
     Absorption Rate                      0 +/- 0
 Mesh Index (5, 1, 7)
   Total Material
     Flux                                 0.0143145 +/- 0.0047942
     (n,Xt)                               0 +/- 0
     heating-local                        0 +/- 0
     Absorption Rate                      0.000146067 +/- 0.000132588
 Mesh Index (6, 1, 7)
   Total Material
     Flux                                 0.012639 +/- 0.00479981
     (n,Xt)                               0 +/- 0
     heating-local                        0 +/- 0
     Absorption Rate                      5.86007e-05 +/- 5.52049e-05
 Mesh Index (7, 1, 7)
   Total Material
     Flux                                 0.0290988 +/- 0.0107515
     (n,Xt)                               0 +/- 0
     heating-local                        0 +/- 0
     Absorption Rate                      0.000850684 +/- 0.000633699
 Mesh Index (8, 1, 7)
   Total Material
     Flux                                 0.0116979 +/- 0.004321
     (n,Xt)                               0 +/- 0
     heating-local                        0 +/- 0
     Absorption Rate                      0.000129195 +/- 0.000116361
 Mesh Index (9, 1, 7)
   Total Material
     Flux                                 0.0180998 +/- 0.00696477
     (n,Xt)                               0 +/- 0
     heating-local                        0 +/- 0
     Absorption Rate                      0.000337414 +/- 0.000334988
 Mesh Index (10, 1, 7)
   Total Material
     Flux                                 0.0133628 +/- 0.00813368
     (n,Xt)                               0 +/- 0
     heating-local                        0 +/- 0
     Absorption Rate                      0.000818014 +/- 0.0006696
 Mesh Index (11, 1, 7)
   Total Material
     Flux                                 0.0198756 +/- 0.00762829
     (n,Xt)                               0 +/- 0
     heating-local                        0 +/- 0
     Absorption Rate                      0.000957972 +/- 0.000641152
 Mesh Index (12, 1, 7)
   Total Material
     Flux                                 0.016915 +/- 0.0066263
     (n,Xt)                               0 +/- 0
     heating-local                        0 +/- 0
     Absorption Rate                      0.000296057 +/- 0.000211391
 Mesh Index (13, 1, 7)
   Total Material
     Flux                                 0.0114722 +/- 0.00392558
     (n,Xt)                               0 +/- 0
     heating-local                        0 +/- 0
     Absorption Rate                      2.1525e-05 +/- 2.1525e-05
 Mesh Index (14, 1, 7)
   Total Material
     Flux                                 0.0181442 +/- 0.00847776
     (n,Xt)                               0 +/- 0
     heating-local                        0 +/- 0
     Absorption Rate                      0 +/- 0
 Mesh Index (15, 1, 7)
   Total Material
     Flux                                 0.0145653 +/- 0.00703761
     (n,Xt)                               0 +/- 0
     heating-local                        0 +/- 0
     Absorption Rate                      0 +/- 0
 Mesh Index (16, 1, 7)
   Total Material
     Flux                                 0.0145103 +/- 0.00423916
     (n,Xt)                               0 +/- 0
     heating-local                        0 +/- 0
     Absorption Rate                      6.47643e-05 +/- 5.01626e-05
 Mesh Index (17, 1, 7)
   Total Material
     Flux                                 0.0113469 +/- 0.00534939
     (n,Xt)                               0 +/- 0
     heating-local                        0 +/- 0
     Absorption Rate                      0.000158831 +/- 0.000142826
 Mesh Index (18, 1, 7)
   Total Material
     Flux                                 0.00630444 +/- 0.0042047
     (n,Xt)                               0 +/- 0
     heating-local                        0 +/- 0
     Absorption Rate                      1.82318e-05 +/- 1.82318e-05
 Mesh Index (19, 1, 7)
   Total Material
     Flux                                 0.00315814 +/- 0.00190108
     (n,Xt)                               0 +/- 0
     heating-local                        0 +/- 0
     Absorption Rate                      3.33285e-06 +/- 3.33285e-06
 Mesh Index (20, 1, 7)
   Total Material
     Flux                                 0.00523414 +/- 0.00356981
     (n,Xt)                               0 +/- 0
     heating-local                        0 +/- 0
     Absorption Rate                      3.23253e-06 +/- 3.23253e-06
 Mesh Index (21, 1, 7)
   Total Material
     Flux                                 0.00803938 +/- 0.0035286
     (n,Xt)                               0 +/- 0
     heating-local                        0 +/- 0
     Absorption Rate                      0.000420017 +/- 0.000410425
 Mesh Index (22, 1, 7)
   Total Material
     Flux                                 0.00644189 +/- 0.00398908
     (n,Xt)                               0 +/- 0
     heating-local                        0 +/- 0
     Absorption Rate                      0.000660725 +/- 0.000648512
 Mesh Index (23, 1, 7)
   Total Material
     Flux                                 0.00116152 +/- 0.000777711
     (n,Xt)                               0 +/- 0
     heating-local                        0 +/- 0
     Absorption Rate                      0.000140459 +/- 0.000138475
 Mesh Index (24, 1, 7)
   Total Material
     Flux                                 0 +/- 0
     (n,Xt)                               0 +/- 0
     heating-local                        0 +/- 0
     Absorption Rate                      0 +/- 0
 Mesh Index (1, 1, 8)
   Total Material
     Flux                                 0.00110332 +/- 0.00110332
     (n,Xt)                               0 +/- 0
     heating-local                        0 +/- 0
     Absorption Rate                      0 +/- 0
 Mesh Index (2, 1, 8)
   Total Material
     Flux                                 0.00318126 +/- 0.00213575
     (n,Xt)                               0 +/- 0
     heating-local                        0 +/- 0
     Absorption Rate                      2.78784e-06 +/- 2.78784e-06
 Mesh Index (3, 1, 8)
   Total Material
     Flux                                 0.00534976 +/- 0.00265536
     (n,Xt)                               0 +/- 0
     heating-local                        0 +/- 0
     Absorption Rate                      3.7255e-05 +/- 3.7255e-05
 Mesh Index (4, 1, 8)
   Total Material
     Flux                                 0.00878001 +/- 0.00381277
     (n,Xt)                               0 +/- 0
     heating-local                        0 +/- 0
     Absorption Rate                      0 +/- 0
 Mesh Index (5, 1, 8)
   Total Material
     Flux                                 0.00817487 +/- 0.00378827
     (n,Xt)                               0 +/- 0
     heating-local                        0 +/- 0
     Absorption Rate                      1.1256e-05 +/- 9.85983e-06
 Mesh Index (6, 1, 8)
   Total Material
     Flux                                 0.0232001 +/- 0.00836792
     (n,Xt)                               0 +/- 0
     heating-local                        0 +/- 0
     Absorption Rate                      9.86172e-05 +/- 9.6298e-05
 Mesh Index (7, 1, 8)
   Total Material
     Flux                                 0.0140484 +/- 0.00412662
     (n,Xt)                               0 +/- 0
     heating-local                        0 +/- 0
     Absorption Rate                      0.000466587 +/- 0.000393249
 Mesh Index (8, 1, 8)
   Total Material
     Flux                                 0.0113118 +/- 0.0055458
     (n,Xt)                               0 +/- 0
     heating-local                        0 +/- 0
     Absorption Rate                      0.000107099 +/- 6.81736e-05
 Mesh Index (9, 1, 8)
   Total Material
     Flux                                 0.0194297 +/- 0.00748679
     (n,Xt)                               0 +/- 0
     heating-local                        0 +/- 0
     Absorption Rate                      0.000581214 +/- 0.000409057
 Mesh Index (10, 1, 8)
   Total Material
     Flux                                 0.0162404 +/- 0.00881983
     (n,Xt)                               0 +/- 0
     heating-local                        0 +/- 0
     Absorption Rate                      0.00165726 +/- 0.00116433
 Mesh Index (11, 1, 8)
   Total Material
     Flux                                 0.0194342 +/- 0.00811021
     (n,Xt)                               0 +/- 0
     heating-local                        0 +/- 0
     Absorption Rate                      0.000285374 +/- 0.000201053
 Mesh Index (12, 1, 8)
   Total Material
     Flux                                 0.00943566 +/- 0.00441208
     (n,Xt)                               0 +/- 0
     heating-local                        0 +/- 0
     Absorption Rate                      5.50746e-05 +/- 3.85301e-05
 Mesh Index (13, 1, 8)
   Total Material
     Flux                                 0.0232472 +/- 0.00855173
     (n,Xt)                               0 +/- 0
     heating-local                        0 +/- 0
     Absorption Rate                      0.000203316 +/- 0.000203316
 Mesh Index (14, 1, 8)
   Total Material
     Flux                                 0.014681 +/- 0.00542254
     (n,Xt)                               0 +/- 0
     heating-local                        0 +/- 0
     Absorption Rate                      0 +/- 0
 Mesh Index (15, 1, 8)
   Total Material
     Flux                                 0.0140903 +/- 0.00475164
     (n,Xt)                               0 +/- 0
     heating-local                        0 +/- 0
     Absorption Rate                      8.59727e-05 +/- 6.63567e-05
 Mesh Index (16, 1, 8)
   Total Material
     Flux                                 0.00856772 +/- 0.00380938
     (n,Xt)                               0 +/- 0
     heating-local                        0 +/- 0
     Absorption Rate                      0.00014111 +/- 0.000126801
 Mesh Index (17, 1, 8)
   Total Material
     Flux                                 0.00349063 +/- 0.00349063
     (n,Xt)                               0 +/- 0
     heating-local                        0 +/- 0
     Absorption Rate                      1.96824e-05 +/- 1.96824e-05
 Mesh Index (18, 1, 8)
   Total Material
     Flux                                 0.00212016 +/- 0.00163683
     (n,Xt)                               0 +/- 0
     heating-local                        0 +/- 0
     Absorption Rate                      3.87532e-06 +/- 2.73543e-06
 Mesh Index (19, 1, 8)
   Total Material
     Flux                                 0.00463091 +/- 0.00309824
     (n,Xt)                               0 +/- 0
     heating-local                        0 +/- 0
     Absorption Rate                      0.000315439 +/- 0.000310448
 Mesh Index (20, 1, 8)
   Total Material
     Flux                                 0.00678297 +/- 0.00391101
     (n,Xt)                               0 +/- 0
     heating-local                        0 +/- 0
     Absorption Rate                      0.000661576 +/- 0.000649007
 Mesh Index (21, 1, 8)
   Total Material
     Flux                                 0.00295578 +/- 0.00205675
     (n,Xt)                               0 +/- 0
     heating-local                        0 +/- 0
     Absorption Rate                      0.000244878 +/- 0.000237939
 Mesh Index (22, 1, 8)
   Total Material
     Flux                                 0 +/- 0
     (n,Xt)                               0 +/- 0
     heating-local                        0 +/- 0
     Absorption Rate                      0 +/- 0
 Mesh Index (23, 1, 8)
   Total Material
     Flux                                 0 +/- 0
     (n,Xt)                               0 +/- 0
     heating-local                        0 +/- 0
     Absorption Rate                      0 +/- 0
 Mesh Index (24, 1, 8)
   Total Material
     Flux                                 0 +/- 0
     (n,Xt)                               0 +/- 0
     heating-local                        0 +/- 0
     Absorption Rate                      0 +/- 0
 Mesh Index (1, 1, 9)
   Total Material
     Flux                                 0 +/- 0
     (n,Xt)                               0 +/- 0
     heating-local                        0 +/- 0
     Absorption Rate                      0 +/- 0
 Mesh Index (2, 1, 9)
   Total Material
     Flux                                 0.00341202 +/- 0.00264433
     (n,Xt)                               0 +/- 0
     heating-local                        0 +/- 0
     Absorption Rate                      0 +/- 0
 Mesh Index (3, 1, 9)
   Total Material
     Flux                                 0.00448387 +/- 0.00288041
     (n,Xt)                               0 +/- 0
     heating-local                        0 +/- 0
     Absorption Rate                      6.48487e-05 +/- 6.48487e-05
 Mesh Index (4, 1, 9)
   Total Material
     Flux                                 0.0113013 +/- 0.00649093
     (n,Xt)                               0 +/- 0
     heating-local                        0 +/- 0
     Absorption Rate                      0.00375322 +/- 0.00371671
 Mesh Index (5, 1, 9)
   Total Material
     Flux                                 0.0116449 +/- 0.00604365
     (n,Xt)                               0 +/- 0
     heating-local                        0 +/- 0
     Absorption Rate                      2.32505e-05 +/- 1.46076e-05
 Mesh Index (6, 1, 9)
   Total Material
     Flux                                 0.0247499 +/- 0.00674303
     (n,Xt)                               0 +/- 0
     heating-local                        0 +/- 0
     Absorption Rate                      3.06432e-05 +/- 2.11573e-05
 Mesh Index (7, 1, 9)
   Total Material
     Flux                                 0.0162355 +/- 0.00551502
     (n,Xt)                               0 +/- 0
     heating-local                        0 +/- 0
     Absorption Rate                      0.00170828 +/- 0.0012141
 Mesh Index (8, 1, 9)
   Total Material
     Flux                                 0.0219816 +/- 0.00799784
     (n,Xt)                               0 +/- 0
     heating-local                        0 +/- 0
     Absorption Rate                      0.000170547 +/- 0.000105935
 Mesh Index (9, 1, 9)
   Total Material
     Flux                                 0.0168809 +/- 0.00874892
     (n,Xt)                               0 +/- 0
     heating-local                        0 +/- 0
     Absorption Rate                      0.00172346 +/- 0.00120873
 Mesh Index (10, 1, 9)
   Total Material
     Flux                                 0.0167553 +/- 0.00701274
     (n,Xt)                               0 +/- 0
     heating-local                        0 +/- 0
     Absorption Rate                      0.000266738 +/- 0.000188813
 Mesh Index (11, 1, 9)
   Total Material
     Flux                                 0.0115501 +/- 0.00610557
     (n,Xt)                               0 +/- 0
     heating-local                        0 +/- 0
     Absorption Rate                      0.000158072 +/- 0.000136891
 Mesh Index (12, 1, 9)
   Total Material
     Flux                                 0.0255927 +/- 0.00781999
     (n,Xt)                               0 +/- 0
     heating-local                        0 +/- 0
     Absorption Rate                      0.000233384 +/- 0.000233384
 Mesh Index (13, 1, 9)
   Total Material
     Flux                                 0.0170744 +/- 0.00572373
     (n,Xt)                               0 +/- 0
     heating-local                        0 +/- 0
     Absorption Rate                      0 +/- 0
 Mesh Index (14, 1, 9)
   Total Material
     Flux                                 0.012465 +/- 0.00445943
     (n,Xt)                               0 +/- 0
     heating-local                        0 +/- 0
     Absorption Rate                      9.95623e-05 +/- 7.99229e-05
 Mesh Index (15, 1, 9)
   Total Material
     Flux                                 0.00813999 +/- 0.0041186
     (n,Xt)                               0 +/- 0
     heating-local                        0 +/- 0
     Absorption Rate                      0.000126765 +/- 0.000112936
 Mesh Index (16, 1, 9)
   Total Material
     Flux                                 0.00694527 +/- 0.00381878
     (n,Xt)                               0 +/- 0
     heating-local                        0 +/- 0
     Absorption Rate                      0.000916702 +/- 0.000896656
 Mesh Index (17, 1, 9)
   Total Material
     Flux                                 0.00531253 +/- 0.00312756
     (n,Xt)                               0 +/- 0
     heating-local                        0 +/- 0
     Absorption Rate                      0.000656943 +/- 0.000467975
 Mesh Index (18, 1, 9)
   Total Material
     Flux                                 0.00649746 +/- 0.0032063
     (n,Xt)                               0 +/- 0
     heating-local                        0 +/- 0
     Absorption Rate                      0.000676683 +/- 0.000648317
 Mesh Index (19, 1, 9)
   Total Material
     Flux                                 0.00574326 +/- 0.00332203
     (n,Xt)                               0 +/- 0
     heating-local                        0 +/- 0
     Absorption Rate                      0.00038318 +/- 0.000336417
 Mesh Index (20, 1, 9)
   Total Material
     Flux                                 0.000113096 +/- 0.000113096
     (n,Xt)                               0 +/- 0
     heating-local                        0 +/- 0
     Absorption Rate                      3.81538e-07 +/- 3.81538e-07
 Mesh Index (21, 1, 9)
   Total Material
     Flux                                 0 +/- 0
     (n,Xt)                               0 +/- 0
     heating-local                        0 +/- 0
     Absorption Rate                      0 +/- 0
 Mesh Index (22, 1, 9)
   Total Material
     Flux                                 0 +/- 0
     (n,Xt)                               0 +/- 0
     heating-local                        0 +/- 0
     Absorption Rate                      0 +/- 0
 Mesh Index (23, 1, 9)
   Total Material
     Flux                                 0 +/- 0
     (n,Xt)                               0 +/- 0
     heating-local                        0 +/- 0
     Absorption Rate                      0 +/- 0
 Mesh Index (24, 1, 9)
   Total Material
     Flux                                 0 +/- 0
     (n,Xt)                               0 +/- 0
     heating-local                        0 +/- 0
     Absorption Rate                      0 +/- 0
 Mesh Index (1, 1, 10)
   Total Material
     Flux                                 0.0011703 +/- 0.0011703
     (n,Xt)                               0 +/- 0
     heating-local                        0 +/- 0
     Absorption Rate                      0 +/- 0
 Mesh Index (2, 1, 10)
   Total Material
     Flux                                 0.00195884 +/- 0.00132785
     (n,Xt)                               0 +/- 0
     heating-local                        0 +/- 0
     Absorption Rate                      0 +/- 0
 Mesh Index (3, 1, 10)
   Total Material
     Flux                                 0.00395425 +/- 0.00264854
     (n,Xt)                               0 +/- 0
     heating-local                        0 +/- 0
     Absorption Rate                      0 +/- 0
 Mesh Index (4, 1, 10)
   Total Material
     Flux                                 0.00944583 +/- 0.00454535
     (n,Xt)                               0 +/- 0
     heating-local                        0 +/- 0
     Absorption Rate                      0.00436669 +/- 0.00435491
 Mesh Index (5, 1, 10)
   Total Material
     Flux                                 0.0198652 +/- 0.00845151
     (n,Xt)                               0 +/- 0
     heating-local                        0 +/- 0
     Absorption Rate                      0.00268905 +/- 0.00267666
 Mesh Index (6, 1, 10)
   Total Material
     Flux                                 0.0193076 +/- 0.00621649
     (n,Xt)                               0 +/- 0
     heating-local                        0 +/- 0
     Absorption Rate                      0 +/- 0
 Mesh Index (7, 1, 10)
   Total Material
     Flux                                 0.0196225 +/- 0.00863788
     (n,Xt)                               0 +/- 0
     heating-local                        0 +/- 0
     Absorption Rate                      0.00108777 +/- 0.000745274
 Mesh Index (8, 1, 10)
   Total Material
     Flux                                 0.0215735 +/- 0.00842532
     (n,Xt)                               0 +/- 0
     heating-local                        0 +/- 0
     Absorption Rate                      0.00185036 +/- 0.00137686
 Mesh Index (9, 1, 10)
   Total Material
     Flux                                 0.0107757 +/- 0.00389535
     (n,Xt)                               0 +/- 0
     heating-local                        0 +/- 0
     Absorption Rate                      0.000783807 +/- 0.000621626
 Mesh Index (10, 1, 10)
   Total Material
     Flux                                 0.0167665 +/- 0.0072174
     (n,Xt)                               0 +/- 0
     heating-local                        0 +/- 0
     Absorption Rate                      0.000236288 +/- 0.000236288
 Mesh Index (11, 1, 10)
   Total Material
     Flux                                 0.0195709 +/- 0.00650456
     (n,Xt)                               0 +/- 0
     heating-local                        0 +/- 0
     Absorption Rate                      0.000134743 +/- 0.000134743
 Mesh Index (12, 1, 10)
   Total Material
     Flux                                 0.0208197 +/- 0.00693776
     (n,Xt)                               0 +/- 0
     heating-local                        0 +/- 0
     Absorption Rate                      4.05273e-06 +/- 4.05273e-06
 Mesh Index (13, 1, 10)
   Total Material
     Flux                                 0.0163637 +/- 0.00528403
     (n,Xt)                               0 +/- 0
     heating-local                        0 +/- 0
     Absorption Rate                      0.000220219 +/- 0.000114413
 Mesh Index (14, 1, 10)
   Total Material
     Flux                                 0.0172668 +/- 0.0061325
     (n,Xt)                               0 +/- 0
     heating-local                        0 +/- 0
     Absorption Rate                      0.000998759 +/- 0.00081554
 Mesh Index (15, 1, 10)
   Total Material
     Flux                                 0.00860022 +/- 0.00439553
     (n,Xt)                               0 +/- 0
     heating-local                        0 +/- 0
     Absorption Rate                      0.00108642 +/- 0.000958138
 Mesh Index (16, 1, 10)
   Total Material
     Flux                                 0.0053627 +/- 0.00318469
     (n,Xt)                               0 +/- 0
     heating-local                        0 +/- 0
     Absorption Rate                      0.000718463 +/- 0.000647044
 Mesh Index (17, 1, 10)
   Total Material
     Flux                                 0.0081681 +/- 0.00426066
     (n,Xt)                               0 +/- 0
     heating-local                        0 +/- 0
     Absorption Rate                      0.00054492 +/- 0.00044034
 Mesh Index (18, 1, 10)
   Total Material
     Flux                                 0.00389266 +/- 0.00269249
     (n,Xt)                               0 +/- 0
     heating-local                        0 +/- 0
     Absorption Rate                      7.83314e-05 +/- 7.30055e-05
 Mesh Index (19, 1, 10)
   Total Material
     Flux                                 0 +/- 0
     (n,Xt)                               0 +/- 0
     heating-local                        0 +/- 0
     Absorption Rate                      0 +/- 0
 Mesh Index (20, 1, 10)
   Total Material
     Flux                                 0.000895484 +/- 0.000895484
     (n,Xt)                               0 +/- 0
     heating-local                        0 +/- 0
     Absorption Rate                      0 +/- 0
 Mesh Index (21, 1, 10)
   Total Material
     Flux                                 0.00264226 +/- 0.00264226
     (n,Xt)                               0 +/- 0
     heating-local                        0 +/- 0
     Absorption Rate                      0 +/- 0
 Mesh Index (22, 1, 10)
   Total Material
     Flux                                 0.00263461 +/- 0.00263461
     (n,Xt)                               0 +/- 0
     heating-local                        0 +/- 0
     Absorption Rate                      0 +/- 0
 Mesh Index (23, 1, 10)
   Total Material
     Flux                                 0.00155639 +/- 0.00155639
     (n,Xt)                               0 +/- 0
     heating-local                        0 +/- 0
     Absorption Rate                      0 +/- 0
 Mesh Index (24, 1, 10)
   Total Material
     Flux                                 0 +/- 0
     (n,Xt)                               0 +/- 0
     heating-local                        0 +/- 0
     Absorption Rate                      0 +/- 0
 Mesh Index (1, 1, 11)
   Total Material
     Flux                                 0.000218213 +/- 0.000218213
     (n,Xt)                               0 +/- 0
     heating-local                        0 +/- 0
     Absorption Rate                      0 +/- 0
 Mesh Index (2, 1, 11)
   Total Material
     Flux                                 0.00274331 +/- 0.00143102
     (n,Xt)                               0 +/- 0
     heating-local                        0 +/- 0
     Absorption Rate                      0.000131812 +/- 0.000106616
 Mesh Index (3, 1, 11)
   Total Material
     Flux                                 0.0103064 +/- 0.00293369
     (n,Xt)                               0 +/- 0
     heating-local                        0 +/- 0
     Absorption Rate                      0.000141086 +/- 7.32671e-05
 Mesh Index (4, 1, 11)
   Total Material
     Flux                                 0.0088108 +/- 0.00477746
     (n,Xt)                               0 +/- 0
     heating-local                        0 +/- 0
     Absorption Rate                      0.000137841 +/- 0.000132433
 Mesh Index (5, 1, 11)
   Total Material
     Flux                                 0.0219759 +/- 0.00668529
     (n,Xt)                               0 +/- 0
     heating-local                        0 +/- 0
     Absorption Rate                      0.00453005 +/- 0.00398325
 Mesh Index (6, 1, 11)
   Total Material
     Flux                                 0.0154292 +/- 0.00624918
     (n,Xt)                               0 +/- 0
     heating-local                        0 +/- 0
     Absorption Rate                      0.000248382 +/- 0.000171904
 Mesh Index (7, 1, 11)
   Total Material
     Flux                                 0.0272074 +/- 0.0086139
     (n,Xt)                               0 +/- 0
     heating-local                        0 +/- 0
     Absorption Rate                      0.000638312 +/- 0.000554937
 Mesh Index (8, 1, 11)
   Total Material
     Flux                                 0.0178978 +/- 0.00704446
     (n,Xt)                               0 +/- 0
     heating-local                        0 +/- 0
     Absorption Rate                      0.00241327 +/- 0.00161582
 Mesh Index (9, 1, 11)
   Total Material
     Flux                                 0.0172591 +/- 0.0048263
     (n,Xt)                               0 +/- 0
     heating-local                        0 +/- 0
     Absorption Rate                      0.00017344 +/- 0.00017344
 Mesh Index (10, 1, 11)
   Total Material
     Flux                                 0.0201429 +/- 0.0074389
     (n,Xt)                               0 +/- 0
     heating-local                        0 +/- 0
     Absorption Rate                      4.11852e-05 +/- 4.11852e-05
 Mesh Index (11, 1, 11)
   Total Material
     Flux                                 0.0282127 +/- 0.00713524
     (n,Xt)                               0 +/- 0
     heating-local                        0 +/- 0
     Absorption Rate                      0 +/- 0
 Mesh Index (12, 1, 11)
   Total Material
     Flux                                 0.0156196 +/- 0.00496176
     (n,Xt)                               0 +/- 0
     heating-local                        0 +/- 0
     Absorption Rate                      0.00028282 +/- 0.000203494
 Mesh Index (13, 1, 11)
   Total Material
     Flux                                 0.0212079 +/- 0.00602469
     (n,Xt)                               0 +/- 0
     heating-local                        0 +/- 0
     Absorption Rate                      0.00115004 +/- 0.000975858
 Mesh Index (14, 1, 11)
   Total Material
     Flux                                 0.00752132 +/- 0.00451496
     (n,Xt)                               0 +/- 0
     heating-local                        0 +/- 0
     Absorption Rate                      0.000811023 +/- 0.000659648
 Mesh Index (15, 1, 11)
   Total Material
     Flux                                 0.00726936 +/- 0.00373982
     (n,Xt)                               0 +/- 0
     heating-local                        0 +/- 0
     Absorption Rate                      0.000637166 +/- 0.000543445
 Mesh Index (16, 1, 11)
   Total Material
     Flux                                 0.0080726 +/- 0.0041348
     (n,Xt)                               0 +/- 0
     heating-local                        0 +/- 0
     Absorption Rate                      9.71794e-05 +/- 8.70971e-05
 Mesh Index (17, 1, 11)
   Total Material
     Flux                                 0.00392942 +/- 0.00283364
     (n,Xt)                               0 +/- 0
     heating-local                        0 +/- 0
     Absorption Rate                      9.63539e-06 +/- 9.63539e-06
 Mesh Index (18, 1, 11)
   Total Material
     Flux                                 0.00299715 +/- 0.00265784
     (n,Xt)                               0 +/- 0
     heating-local                        0 +/- 0
     Absorption Rate                      2.50887e-06 +/- 2.50887e-06
 Mesh Index (19, 1, 11)
   Total Material
     Flux                                 0.00266172 +/- 0.00266172
     (n,Xt)                               0 +/- 0
     heating-local                        0 +/- 0
     Absorption Rate                      0 +/- 0
 Mesh Index (20, 1, 11)
   Total Material
     Flux                                 0.0017557 +/- 0.0017557
     (n,Xt)                               0 +/- 0
     heating-local                        0 +/- 0
     Absorption Rate                      0 +/- 0
 Mesh Index (21, 1, 11)
   Total Material
     Flux                                 0 +/- 0
     (n,Xt)                               0 +/- 0
     heating-local                        0 +/- 0
     Absorption Rate                      0 +/- 0
 Mesh Index (22, 1, 11)
   Total Material
     Flux                                 0 +/- 0
     (n,Xt)                               0 +/- 0
     heating-local                        0 +/- 0
     Absorption Rate                      0 +/- 0
 Mesh Index (23, 1, 11)
   Total Material
     Flux                                 0 +/- 0
     (n,Xt)                               0 +/- 0
     heating-local                        0 +/- 0
     Absorption Rate                      0 +/- 0
 Mesh Index (24, 1, 11)
   Total Material
     Flux                                 0 +/- 0
     (n,Xt)                               0 +/- 0
     heating-local                        0 +/- 0
     Absorption Rate                      0 +/- 0
 Mesh Index (1, 1, 12)
   Total Material
     Flux                                 0.0014959 +/- 0.000997877
     (n,Xt)                               0 +/- 0
     heating-local                        0 +/- 0
     Absorption Rate                      0 +/- 0
 Mesh Index (2, 1, 12)
   Total Material
     Flux                                 0.00610946 +/- 0.00124686
     (n,Xt)                               0 +/- 0
     heating-local                        0 +/- 0
     Absorption Rate                      0.000147955 +/- 0.000141947
 Mesh Index (3, 1, 12)
   Total Material
     Flux                                 0.0153536 +/- 0.00493588
     (n,Xt)                               0 +/- 0
     heating-local                        0 +/- 0
     Absorption Rate                      0.000615014 +/- 0.000389392
 Mesh Index (4, 1, 12)
   Total Material
     Flux                                 0.0137235 +/- 0.00375855
     (n,Xt)                               0 +/- 0
     heating-local                        0 +/- 0
     Absorption Rate                      0.00106521 +/- 0.000613501
 Mesh Index (5, 1, 12)
   Total Material
     Flux                                 0.0256053 +/- 0.00816138
     (n,Xt)                               0 +/- 0
     heating-local                        0 +/- 0
     Absorption Rate                      0.000783731 +/- 0.00038762
 Mesh Index (6, 1, 12)
   Total Material
     Flux                                 0.032266 +/- 0.0117755
     (n,Xt)                               0 +/- 0
     heating-local                        0 +/- 0
     Absorption Rate                      0.000986351 +/- 0.000615453
 Mesh Index (7, 1, 12)
   Total Material
     Flux                                 0.029714 +/- 0.00793533
     (n,Xt)                               0 +/- 0
     heating-local                        0 +/- 0
     Absorption Rate                      0.000186864 +/- 0.000149134
 Mesh Index (8, 1, 12)
   Total Material
     Flux                                 0.021306 +/- 0.00513524
     (n,Xt)                               0 +/- 0
     heating-local                        0 +/- 0
     Absorption Rate                      0.00130693 +/- 0.00113463
 Mesh Index (9, 1, 12)
   Total Material
     Flux                                 0.0250755 +/- 0.00614577
     (n,Xt)                               0 +/- 0
     heating-local                        0 +/- 0
     Absorption Rate                      0.00303185 +/- 0.00294068
 Mesh Index (10, 1, 12)
   Total Material
     Flux                                 0.0340274 +/- 0.00805382
     (n,Xt)                               0 +/- 0
     heating-local                        0 +/- 0
     Absorption Rate                      9.29857e-05 +/- 9.29857e-05
 Mesh Index (11, 1, 12)
   Total Material
     Flux                                 0.0111511 +/- 0.00629179
     (n,Xt)                               0 +/- 0
     heating-local                        0 +/- 0
     Absorption Rate                      9.03336e-05 +/- 9.03336e-05
 Mesh Index (12, 1, 12)
   Total Material
     Flux                                 0.0113233 +/- 0.00629507
     (n,Xt)                               0 +/- 0
     heating-local                        0 +/- 0
     Absorption Rate                      0.000610914 +/- 0.000549999
 Mesh Index (13, 1, 12)
   Total Material
     Flux                                 0.00677249 +/- 0.00410015
     (n,Xt)                               0 +/- 0
     heating-local                        0 +/- 0
     Absorption Rate                      0.000728528 +/- 0.000653815
 Mesh Index (14, 1, 12)
   Total Material
     Flux                                 0.00923217 +/- 0.00653891
     (n,Xt)                               0 +/- 0
     heating-local                        0 +/- 0
     Absorption Rate                      0.000129355 +/- 0.000116929
 Mesh Index (15, 1, 12)
   Total Material
     Flux                                 0.00434216 +/- 0.00331901
     (n,Xt)                               0 +/- 0
     heating-local                        0 +/- 0
     Absorption Rate                      3.68286e-05 +/- 3.29732e-05
 Mesh Index (16, 1, 12)
   Total Material
     Flux                                 0.00286494 +/- 0.00286494
     (n,Xt)                               0 +/- 0
     heating-local                        0 +/- 0
     Absorption Rate                      2.2262e-05 +/- 2.2262e-05
 Mesh Index (17, 1, 12)
   Total Material
     Flux                                 0.00158868 +/- 0.00158868
     (n,Xt)                               0 +/- 0
     heating-local                        0 +/- 0
     Absorption Rate                      1.23448e-05 +/- 1.23448e-05
 Mesh Index (18, 1, 12)
   Total Material
     Flux                                 0 +/- 0
     (n,Xt)                               0 +/- 0
     heating-local                        0 +/- 0
     Absorption Rate                      0 +/- 0
 Mesh Index (19, 1, 12)
   Total Material
     Flux                                 0 +/- 0
     (n,Xt)                               0 +/- 0
     heating-local                        0 +/- 0
     Absorption Rate                      0 +/- 0
 Mesh Index (20, 1, 12)
   Total Material
     Flux                                 0 +/- 0
     (n,Xt)                               0 +/- 0
     heating-local                        0 +/- 0
     Absorption Rate                      0 +/- 0
 Mesh Index (21, 1, 12)
   Total Material
     Flux                                 0 +/- 0
     (n,Xt)                               0 +/- 0
     heating-local                        0 +/- 0
     Absorption Rate                      0 +/- 0
 Mesh Index (22, 1, 12)
   Total Material
     Flux                                 0 +/- 0
     (n,Xt)                               0 +/- 0
     heating-local                        0 +/- 0
     Absorption Rate                      0 +/- 0
 Mesh Index (23, 1, 12)
   Total Material
     Flux                                 0 +/- 0
     (n,Xt)                               0 +/- 0
     heating-local                        0 +/- 0
     Absorption Rate                      0 +/- 0
 Mesh Index (24, 1, 12)
   Total Material
     Flux                                 0 +/- 0
     (n,Xt)                               0 +/- 0
     heating-local                        0 +/- 0
     Absorption Rate                      0 +/- 0
 Mesh Index (1, 1, 13)
   Total Material
     Flux                                 0.00155115 +/- 0.00105151
     (n,Xt)                               0 +/- 0
     heating-local                        0 +/- 0
     Absorption Rate                      0.000115615 +/- 7.94592e-05
 Mesh Index (2, 1, 13)
   Total Material
     Flux                                 0.00369696 +/- 0.00201917
     (n,Xt)                               0 +/- 0
     heating-local                        0 +/- 0
     Absorption Rate                      4.44478e-05 +/- 4.32844e-05
 Mesh Index (3, 1, 13)
   Total Material
     Flux                                 0.00987408 +/- 0.00388511
     (n,Xt)                               0 +/- 0
     heating-local                        0 +/- 0
     Absorption Rate                      0.000111654 +/- 9.63731e-05
 Mesh Index (4, 1, 13)
   Total Material
     Flux                                 0.0257576 +/- 0.00658925
     (n,Xt)                               0 +/- 0
     heating-local                        0 +/- 0
     Absorption Rate                      0.00298391 +/- 0.00280076
 Mesh Index (5, 1, 13)
   Total Material
     Flux                                 0.026168 +/- 0.00683455
     (n,Xt)                               0 +/- 0
     heating-local                        0 +/- 0
     Absorption Rate                      0.000773468 +/- 0.000561776
 Mesh Index (6, 1, 13)
   Total Material
     Flux                                 0.0272646 +/- 0.0108877
     (n,Xt)                               0 +/- 0
     heating-local                        0 +/- 0
     Absorption Rate                      0.000218064 +/- 0.000139231
 Mesh Index (7, 1, 13)
   Total Material
     Flux                                 0.0221888 +/- 0.00843934
     (n,Xt)                               0 +/- 0
     heating-local                        0 +/- 0
     Absorption Rate                      0.000372901 +/- 0.000243829
 Mesh Index (8, 1, 13)
   Total Material
     Flux                                 0.0286745 +/- 0.0097291
     (n,Xt)                               0 +/- 0
     heating-local                        0 +/- 0
     Absorption Rate                      0.00498707 +/- 0.00469743
 Mesh Index (9, 1, 13)
   Total Material
     Flux                                 0.0304676 +/- 0.00558337
     (n,Xt)                               0 +/- 0
     heating-local                        0 +/- 0
     Absorption Rate                      0.00041256 +/- 0.000405978
 Mesh Index (10, 1, 13)
   Total Material
     Flux                                 0.0322535 +/- 0.00697419
     (n,Xt)                               0 +/- 0
     heating-local                        0 +/- 0
     Absorption Rate                      0.000502757 +/- 0.000424839
 Mesh Index (11, 1, 13)
   Total Material
     Flux                                 0.00949756 +/- 0.00641824
     (n,Xt)                               0 +/- 0
     heating-local                        0 +/- 0
     Absorption Rate                      0.000714778 +/- 0.00065387
 Mesh Index (12, 1, 13)
   Total Material
     Flux                                 0.000996772 +/- 0.000664665
     (n,Xt)                               0 +/- 0
     heating-local                        0 +/- 0
     Absorption Rate                      0.000126697 +/- 0.00011125
 Mesh Index (13, 1, 13)
   Total Material
     Flux                                 0.00389977 +/- 0.00310651
     (n,Xt)                               0 +/- 0
     heating-local                        0 +/- 0
     Absorption Rate                      4.94357e-05 +/- 4.64815e-05
 Mesh Index (14, 1, 13)
   Total Material
     Flux                                 0 +/- 0
     (n,Xt)                               0 +/- 0
     heating-local                        0 +/- 0
     Absorption Rate                      0 +/- 0
 Mesh Index (15, 1, 13)
   Total Material
     Flux                                 0 +/- 0
     (n,Xt)                               0 +/- 0
     heating-local                        0 +/- 0
     Absorption Rate                      0 +/- 0
 Mesh Index (16, 1, 13)
   Total Material
     Flux                                 0 +/- 0
     (n,Xt)                               0 +/- 0
     heating-local                        0 +/- 0
     Absorption Rate                      0 +/- 0
 Mesh Index (17, 1, 13)
   Total Material
     Flux                                 0 +/- 0
     (n,Xt)                               0 +/- 0
     heating-local                        0 +/- 0
     Absorption Rate                      0 +/- 0
 Mesh Index (18, 1, 13)
   Total Material
     Flux                                 0 +/- 0
     (n,Xt)                               0 +/- 0
     heating-local                        0 +/- 0
     Absorption Rate                      0 +/- 0
 Mesh Index (19, 1, 13)
   Total Material
     Flux                                 0 +/- 0
     (n,Xt)                               0 +/- 0
     heating-local                        0 +/- 0
     Absorption Rate                      0 +/- 0
 Mesh Index (20, 1, 13)
   Total Material
     Flux                                 0 +/- 0
     (n,Xt)                               0 +/- 0
     heating-local                        0 +/- 0
     Absorption Rate                      0 +/- 0
 Mesh Index (21, 1, 13)
   Total Material
     Flux                                 0 +/- 0
     (n,Xt)                               0 +/- 0
     heating-local                        0 +/- 0
     Absorption Rate                      0 +/- 0
 Mesh Index (22, 1, 13)
   Total Material
     Flux                                 0 +/- 0
     (n,Xt)                               0 +/- 0
     heating-local                        0 +/- 0
     Absorption Rate                      0 +/- 0
 Mesh Index (23, 1, 13)
   Total Material
     Flux                                 0 +/- 0
     (n,Xt)                               0 +/- 0
     heating-local                        0 +/- 0
     Absorption Rate                      0 +/- 0
 Mesh Index (24, 1, 13)
   Total Material
     Flux                                 0 +/- 0
     (n,Xt)                               0 +/- 0
     heating-local                        0 +/- 0
     Absorption Rate                      0 +/- 0
 Mesh Index (1, 1, 14)
   Total Material
     Flux                                 0.00166707 +/- 0.000918847
     (n,Xt)                               0 +/- 0
     heating-local                        0 +/- 0
     Absorption Rate                      0 +/- 0
 Mesh Index (2, 1, 14)
   Total Material
     Flux                                 0.00508967 +/- 0.00281656
     (n,Xt)                               0 +/- 0
     heating-local                        0 +/- 0
     Absorption Rate                      3.54795e-05 +/- 3.54795e-05
 Mesh Index (3, 1, 14)
   Total Material
     Flux                                 0.0145169 +/- 0.00504614
     (n,Xt)                               0 +/- 0
     heating-local                        0 +/- 0
     Absorption Rate                      8.79088e-06 +/- 8.79088e-06
 Mesh Index (4, 1, 14)
   Total Material
     Flux                                 0.0253443 +/- 0.00758558
     (n,Xt)                               0 +/- 0
     heating-local                        0 +/- 0
     Absorption Rate                      0.00118366 +/- 0.00107878
 Mesh Index (5, 1, 14)
   Total Material
     Flux                                 0.0177285 +/- 0.00840117
     (n,Xt)                               0 +/- 0
     heating-local                        0 +/- 0
     Absorption Rate                      0.000319834 +/- 0.000171297
 Mesh Index (6, 1, 14)
   Total Material
     Flux                                 0.028083 +/- 0.00768111
     (n,Xt)                               0 +/- 0
     heating-local                        0 +/- 0
     Absorption Rate                      0.000486992 +/- 0.000437979
 Mesh Index (7, 1, 14)
   Total Material
     Flux                                 0.0296664 +/- 0.00608451
     (n,Xt)                               0 +/- 0
     heating-local                        0 +/- 0
     Absorption Rate                      0.00203847 +/- 0.00188965
 Mesh Index (8, 1, 14)
   Total Material
     Flux                                 0.0244035 +/- 0.0029445
     (n,Xt)                               0 +/- 0
     heating-local                        0 +/- 0
     Absorption Rate                      0.00147453 +/- 0.00111645
 Mesh Index (9, 1, 14)
   Total Material
     Flux                                 0.0407862 +/- 0.0105514
     (n,Xt)                               0 +/- 0
     heating-local                        0 +/- 0
     Absorption Rate                      0.000711336 +/- 0.000525826
 Mesh Index (10, 1, 14)
   Total Material
     Flux                                 0.0182025 +/- 0.00965959
     (n,Xt)                               2.05334e-06 +/- 2.05334e-06
     heating-local                        57.4596 +/- 57.4596
     Absorption Rate                      0.000330607 +/- 0.000310934
 Mesh Index (11, 1, 14)
   Total Material
     Flux                                 0.00542024 +/- 0.00451598
     (n,Xt)                               0 +/- 0
     heating-local                        0 +/- 0
     Absorption Rate                      0.000282341 +/- 0.000188277
 Mesh Index (12, 1, 14)
   Total Material
     Flux                                 0 +/- 0
     (n,Xt)                               0 +/- 0
     heating-local                        0 +/- 0
     Absorption Rate                      0 +/- 0
 Mesh Index (13, 1, 14)
   Total Material
     Flux                                 0 +/- 0
     (n,Xt)                               0 +/- 0
     heating-local                        0 +/- 0
     Absorption Rate                      0 +/- 0
 Mesh Index (14, 1, 14)
   Total Material
     Flux                                 0 +/- 0
     (n,Xt)                               0 +/- 0
     heating-local                        0 +/- 0
     Absorption Rate                      0 +/- 0
 Mesh Index (15, 1, 14)
   Total Material
     Flux                                 0 +/- 0
     (n,Xt)                               0 +/- 0
     heating-local                        0 +/- 0
     Absorption Rate                      0 +/- 0
 Mesh Index (16, 1, 14)
   Total Material
     Flux                                 0 +/- 0
     (n,Xt)                               0 +/- 0
     heating-local                        0 +/- 0
     Absorption Rate                      0 +/- 0
 Mesh Index (17, 1, 14)
   Total Material
     Flux                                 0 +/- 0
     (n,Xt)                               0 +/- 0
     heating-local                        0 +/- 0
     Absorption Rate                      0 +/- 0
 Mesh Index (18, 1, 14)
   Total Material
     Flux                                 0 +/- 0
     (n,Xt)                               0 +/- 0
     heating-local                        0 +/- 0
     Absorption Rate                      0 +/- 0
 Mesh Index (19, 1, 14)
   Total Material
     Flux                                 0 +/- 0
     (n,Xt)                               0 +/- 0
     heating-local                        0 +/- 0
     Absorption Rate                      0 +/- 0
 Mesh Index (20, 1, 14)
   Total Material
     Flux                                 0 +/- 0
     (n,Xt)                               0 +/- 0
     heating-local                        0 +/- 0
     Absorption Rate                      0 +/- 0
 Mesh Index (21, 1, 14)
   Total Material
     Flux                                 0 +/- 0
     (n,Xt)                               0 +/- 0
     heating-local                        0 +/- 0
     Absorption Rate                      0 +/- 0
 Mesh Index (22, 1, 14)
   Total Material
     Flux                                 0 +/- 0
     (n,Xt)                               0 +/- 0
     heating-local                        0 +/- 0
     Absorption Rate                      0 +/- 0
 Mesh Index (23, 1, 14)
   Total Material
     Flux                                 0 +/- 0
     (n,Xt)                               0 +/- 0
     heating-local                        0 +/- 0
     Absorption Rate                      0 +/- 0
 Mesh Index (24, 1, 14)
   Total Material
     Flux                                 0 +/- 0
     (n,Xt)                               0 +/- 0
     heating-local                        0 +/- 0
     Absorption Rate                      0 +/- 0
 Mesh Index (1, 1, 15)
   Total Material
     Flux                                 0.000624249 +/- 0.000408619
     (n,Xt)                               0 +/- 0
     heating-local                        0 +/- 0
     Absorption Rate                      0 +/- 0
 Mesh Index (2, 1, 15)
   Total Material
     Flux                                 0.0141834 +/- 0.00403912
     (n,Xt)                               0 +/- 0
     heating-local                        0 +/- 0
     Absorption Rate                      0.000476843 +/- 0.000446809
 Mesh Index (3, 1, 15)
   Total Material
     Flux                                 0.0208722 +/- 0.00536155
     (n,Xt)                               0 +/- 0
     heating-local                        0 +/- 0
     Absorption Rate                      0.000488015 +/- 0.000400362
 Mesh Index (4, 1, 15)
   Total Material
     Flux                                 0.0288795 +/- 0.00774033
     (n,Xt)                               0 +/- 0
     heating-local                        0 +/- 0
     Absorption Rate                      0.000159052 +/- 8.39174e-05
 Mesh Index (5, 1, 15)
   Total Material
     Flux                                 0.027754 +/- 0.00948088
     (n,Xt)                               0 +/- 0
     heating-local                        0 +/- 0
     Absorption Rate                      0.000306972 +/- 0.000175956
 Mesh Index (6, 1, 15)
   Total Material
     Flux                                 0.0291035 +/- 0.005405
     (n,Xt)                               0 +/- 0
     heating-local                        0 +/- 0
     Absorption Rate                      0.00113481 +/- 0.000924122
 Mesh Index (7, 1, 15)
   Total Material
     Flux                                 0.0423254 +/- 0.0105632
     (n,Xt)                               0 +/- 0
     heating-local                        0 +/- 0
     Absorption Rate                      0.00464308 +/- 0.00427779
 Mesh Index (8, 1, 15)
   Total Material
     Flux                                 0.0662129 +/- 0.00920524
     (n,Xt)                               0 +/- 0
     heating-local                        0 +/- 0
     Absorption Rate                      0.00284946 +/- 0.00180315
 Mesh Index (9, 1, 15)
   Total Material
     Flux                                 0.0434343 +/- 0.00982909
     (n,Xt)                               6.80147e-09 +/- 4.44192e-09
     heating-local                        585.93 +/- 377.423
     Absorption Rate                      0.00980237 +/- 0.00720319
 Mesh Index (10, 1, 15)
   Total Material
     Flux                                 0.0088697 +/- 0.00418637
     (n,Xt)                               7.31122e-05 +/- 7.31122e-05
     heating-local                        371.284 +/- 371.284
     Absorption Rate                      0.000249974 +/- 0.000149997
 Mesh Index (11, 1, 15)
   Total Material
     Flux                                 0.000987918 +/- 0.000987918
     (n,Xt)                               0 +/- 0
     heating-local                        0 +/- 0
     Absorption Rate                      2.61698e-05 +/- 2.61698e-05
 Mesh Index (12, 1, 15)
   Total Material
     Flux                                 0 +/- 0
     (n,Xt)                               0 +/- 0
     heating-local                        0 +/- 0
     Absorption Rate                      0 +/- 0
 Mesh Index (13, 1, 15)
   Total Material
     Flux                                 0 +/- 0
     (n,Xt)                               0 +/- 0
     heating-local                        0 +/- 0
     Absorption Rate                      0 +/- 0
 Mesh Index (14, 1, 15)
   Total Material
     Flux                                 0 +/- 0
     (n,Xt)                               0 +/- 0
     heating-local                        0 +/- 0
     Absorption Rate                      0 +/- 0
 Mesh Index (15, 1, 15)
   Total Material
     Flux                                 0 +/- 0
     (n,Xt)                               0 +/- 0
     heating-local                        0 +/- 0
     Absorption Rate                      0 +/- 0
 Mesh Index (16, 1, 15)
   Total Material
     Flux                                 0 +/- 0
     (n,Xt)                               0 +/- 0
     heating-local                        0 +/- 0
     Absorption Rate                      0 +/- 0
 Mesh Index (17, 1, 15)
   Total Material
     Flux                                 0 +/- 0
     (n,Xt)                               0 +/- 0
     heating-local                        0 +/- 0
     Absorption Rate                      0 +/- 0
 Mesh Index (18, 1, 15)
   Total Material
     Flux                                 0 +/- 0
     (n,Xt)                               0 +/- 0
     heating-local                        0 +/- 0
     Absorption Rate                      0 +/- 0
 Mesh Index (19, 1, 15)
   Total Material
     Flux                                 0 +/- 0
     (n,Xt)                               0 +/- 0
     heating-local                        0 +/- 0
     Absorption Rate                      0 +/- 0
 Mesh Index (20, 1, 15)
   Total Material
     Flux                                 0 +/- 0
     (n,Xt)                               0 +/- 0
     heating-local                        0 +/- 0
     Absorption Rate                      0 +/- 0
 Mesh Index (21, 1, 15)
   Total Material
     Flux                                 0 +/- 0
     (n,Xt)                               0 +/- 0
     heating-local                        0 +/- 0
     Absorption Rate                      0 +/- 0
 Mesh Index (22, 1, 15)
   Total Material
     Flux                                 0 +/- 0
     (n,Xt)                               0 +/- 0
     heating-local                        0 +/- 0
     Absorption Rate                      0 +/- 0
 Mesh Index (23, 1, 15)
   Total Material
     Flux                                 0 +/- 0
     (n,Xt)                               0 +/- 0
     heating-local                        0 +/- 0
     Absorption Rate                      0 +/- 0
 Mesh Index (24, 1, 15)
   Total Material
     Flux                                 0 +/- 0
     (n,Xt)                               0 +/- 0
     heating-local                        0 +/- 0
     Absorption Rate                      0 +/- 0
 Mesh Index (1, 1, 16)
   Total Material
     Flux                                 0.00324927 +/- 0.00161377
     (n,Xt)                               0 +/- 0
     heating-local                        0 +/- 0
     Absorption Rate                      5.0588e-06 +/- 4.47532e-06
 Mesh Index (2, 1, 16)
   Total Material
     Flux                                 0.0119814 +/- 0.00444507
     (n,Xt)                               0 +/- 0
     heating-local                        0 +/- 0
     Absorption Rate                      2.28377e-05 +/- 1.54363e-05
 Mesh Index (3, 1, 16)
   Total Material
     Flux                                 0.015712 +/- 0.00427513
     (n,Xt)                               0 +/- 0
     heating-local                        0 +/- 0
     Absorption Rate                      0.000520232 +/- 0.00050225
 Mesh Index (4, 1, 16)
   Total Material
     Flux                                 0.0279681 +/- 0.00568593
     (n,Xt)                               0 +/- 0
     heating-local                        0 +/- 0
     Absorption Rate                      0.00049862 +/- 0.000259285
 Mesh Index (5, 1, 16)
   Total Material
     Flux                                 0.0560015 +/- 0.00572767
     (n,Xt)                               0 +/- 0
     heating-local                        0 +/- 0
     Absorption Rate                      0.001112 +/- 0.000576707
 Mesh Index (6, 1, 16)
   Total Material
     Flux                                 0.0593955 +/- 0.0122394
     (n,Xt)                               0 +/- 0
     heating-local                        0 +/- 0
     Absorption Rate                      0.00251821 +/- 0.00196997
 Mesh Index (7, 1, 16)
   Total Material
     Flux                                 0.0602554 +/- 0.00692135
     (n,Xt)                               0 +/- 0
     heating-local                        0 +/- 0
     Absorption Rate                      0.00333238 +/- 0.00179219
 Mesh Index (8, 1, 16)
   Total Material
     Flux                                 0.0770917 +/- 0.00916176
     (n,Xt)                               2.05229e-14 +/- 2.05229e-14
     heating-local                        0.525797 +/- 0.525797
     Absorption Rate                      0.00500823 +/- 0.00283125
 Mesh Index (9, 1, 16)
   Total Material
     Flux                                 0.0679394 +/- 0.0155269
     (n,Xt)                               0.000150617 +/- 9.80663e-05
     heating-local                        1911.35 +/- 932.921
     Absorption Rate                      0.00398673 +/- 0.00191567
 Mesh Index (10, 1, 16)
   Total Material
     Flux                                 1.31847e-05 +/- 1.31847e-05
     (n,Xt)                               7.89279e-08 +/- 7.89279e-08
     heating-local                        0.861525 +/- 0.861525
     Absorption Rate                      7.9045e-08 +/- 7.9045e-08
 Mesh Index (11, 1, 16)
   Total Material
     Flux                                 0 +/- 0
     (n,Xt)                               0 +/- 0
     heating-local                        0 +/- 0
     Absorption Rate                      0 +/- 0
 Mesh Index (12, 1, 16)
   Total Material
     Flux                                 0 +/- 0
     (n,Xt)                               0 +/- 0
     heating-local                        0 +/- 0
     Absorption Rate                      0 +/- 0
 Mesh Index (13, 1, 16)
   Total Material
     Flux                                 0 +/- 0
     (n,Xt)                               0 +/- 0
     heating-local                        0 +/- 0
     Absorption Rate                      0 +/- 0
 Mesh Index (14, 1, 16)
   Total Material
     Flux                                 0 +/- 0
     (n,Xt)                               0 +/- 0
     heating-local                        0 +/- 0
     Absorption Rate                      0 +/- 0
 Mesh Index (15, 1, 16)
   Total Material
     Flux                                 0 +/- 0
     (n,Xt)                               0 +/- 0
     heating-local                        0 +/- 0
     Absorption Rate                      0 +/- 0
 Mesh Index (16, 1, 16)
   Total Material
     Flux                                 0 +/- 0
     (n,Xt)                               0 +/- 0
     heating-local                        0 +/- 0
     Absorption Rate                      0 +/- 0
 Mesh Index (17, 1, 16)
   Total Material
     Flux                                 0 +/- 0
     (n,Xt)                               0 +/- 0
     heating-local                        0 +/- 0
     Absorption Rate                      0 +/- 0
 Mesh Index (18, 1, 16)
   Total Material
     Flux                                 0 +/- 0
     (n,Xt)                               0 +/- 0
     heating-local                        0 +/- 0
     Absorption Rate                      0 +/- 0
 Mesh Index (19, 1, 16)
   Total Material
     Flux                                 0 +/- 0
     (n,Xt)                               0 +/- 0
     heating-local                        0 +/- 0
     Absorption Rate                      0 +/- 0
 Mesh Index (20, 1, 16)
   Total Material
     Flux                                 0 +/- 0
     (n,Xt)                               0 +/- 0
     heating-local                        0 +/- 0
     Absorption Rate                      0 +/- 0
 Mesh Index (21, 1, 16)
   Total Material
     Flux                                 0 +/- 0
     (n,Xt)                               0 +/- 0
     heating-local                        0 +/- 0
     Absorption Rate                      0 +/- 0
 Mesh Index (22, 1, 16)
   Total Material
     Flux                                 0 +/- 0
     (n,Xt)                               0 +/- 0
     heating-local                        0 +/- 0
     Absorption Rate                      0 +/- 0
 Mesh Index (23, 1, 16)
   Total Material
     Flux                                 0 +/- 0
     (n,Xt)                               0 +/- 0
     heating-local                        0 +/- 0
     Absorption Rate                      0 +/- 0
 Mesh Index (24, 1, 16)
   Total Material
     Flux                                 0 +/- 0
     (n,Xt)                               0 +/- 0
     heating-local                        0 +/- 0
     Absorption Rate                      0 +/- 0
 Mesh Index (1, 1, 17)
   Total Material
     Flux                                 0.00315703 +/- 0.0013139
     (n,Xt)                               0 +/- 0
     heating-local                        0 +/- 0
     Absorption Rate                      9.54764e-05 +/- 6.15061e-05
 Mesh Index (2, 1, 17)
   Total Material
     Flux                                 0.0107513 +/- 0.00395659
     (n,Xt)                               0 +/- 0
     heating-local                        0 +/- 0
     Absorption Rate                      2.72987e-05 +/- 2.61113e-05
 Mesh Index (3, 1, 17)
   Total Material
     Flux                                 0.0327782 +/- 0.00742461
     (n,Xt)                               0 +/- 0
     heating-local                        0 +/- 0
     Absorption Rate                      0.000184926 +/- 0.000146983
 Mesh Index (4, 1, 17)
   Total Material
     Flux                                 0.044392 +/- 0.00962348
     (n,Xt)                               0 +/- 0
     heating-local                        0 +/- 0
     Absorption Rate                      0.00117596 +/- 0.00104303
 Mesh Index (5, 1, 17)
   Total Material
     Flux                                 0.0620434 +/- 0.00892386
     (n,Xt)                               0 +/- 0
     heating-local                        0 +/- 0
     Absorption Rate                      0.000554789 +/- 0.000213004
 Mesh Index (6, 1, 17)
   Total Material
     Flux                                 0.065919 +/- 0.0126076
     (n,Xt)                               0 +/- 0
     heating-local                        0 +/- 0
     Absorption Rate                      0.000818559 +/- 0.00029536
 Mesh Index (7, 1, 17)
   Total Material
     Flux                                 0.0815641 +/- 0.0129977
     (n,Xt)                               0 +/- 0
     heating-local                        0 +/- 0
     Absorption Rate                      0.00105281 +/- 0.000459435
 Mesh Index (8, 1, 17)
   Total Material
     Flux                                 0.124536 +/- 0.0222038
     (n,Xt)                               2.46023e-05 +/- 2.20788e-05
     heating-local                        2746.95 +/- 853.981
     Absorption Rate                      0.00650236 +/- 0.0022022
 Mesh Index (9, 1, 17)
   Total Material
     Flux                                 0.0846364 +/- 0.0229901
     (n,Xt)                               0.000511037 +/- 0.000221353
     heating-local                        7602.1 +/- 2356.22
     Absorption Rate                      0.00135623 +/- 0.000452891
 Mesh Index (10, 1, 17)
   Total Material
     Flux                                 0.0110362 +/- 0.0045329
     (n,Xt)                               0.000168026 +/- 0.000115773
     heating-local                        1009.59 +/- 558.757
     Absorption Rate                      0.000501592 +/- 0.000277963
 Mesh Index (11, 1, 17)
   Total Material
     Flux                                 3.80222e-05 +/- 3.80222e-05
     (n,Xt)                               0 +/- 0
     heating-local                        0 +/- 0
     Absorption Rate                      6.00768e-07 +/- 6.00768e-07
 Mesh Index (12, 1, 17)
   Total Material
     Flux                                 0 +/- 0
     (n,Xt)                               0 +/- 0
     heating-local                        0 +/- 0
     Absorption Rate                      0 +/- 0
 Mesh Index (13, 1, 17)
   Total Material
     Flux                                 0 +/- 0
     (n,Xt)                               0 +/- 0
     heating-local                        0 +/- 0
     Absorption Rate                      0 +/- 0
 Mesh Index (14, 1, 17)
   Total Material
     Flux                                 0 +/- 0
     (n,Xt)                               0 +/- 0
     heating-local                        0 +/- 0
     Absorption Rate                      0 +/- 0
 Mesh Index (15, 1, 17)
   Total Material
     Flux                                 0 +/- 0
     (n,Xt)                               0 +/- 0
     heating-local                        0 +/- 0
     Absorption Rate                      0 +/- 0
 Mesh Index (16, 1, 17)
   Total Material
     Flux                                 0 +/- 0
     (n,Xt)                               0 +/- 0
     heating-local                        0 +/- 0
     Absorption Rate                      0 +/- 0
 Mesh Index (17, 1, 17)
   Total Material
     Flux                                 0 +/- 0
     (n,Xt)                               0 +/- 0
     heating-local                        0 +/- 0
     Absorption Rate                      0 +/- 0
 Mesh Index (18, 1, 17)
   Total Material
     Flux                                 0 +/- 0
     (n,Xt)                               0 +/- 0
     heating-local                        0 +/- 0
     Absorption Rate                      0 +/- 0
 Mesh Index (19, 1, 17)
   Total Material
     Flux                                 0 +/- 0
     (n,Xt)                               0 +/- 0
     heating-local                        0 +/- 0
     Absorption Rate                      0 +/- 0
 Mesh Index (20, 1, 17)
   Total Material
     Flux                                 0 +/- 0
     (n,Xt)                               0 +/- 0
     heating-local                        0 +/- 0
     Absorption Rate                      0 +/- 0
 Mesh Index (21, 1, 17)
   Total Material
     Flux                                 0 +/- 0
     (n,Xt)                               0 +/- 0
     heating-local                        0 +/- 0
     Absorption Rate                      0 +/- 0
 Mesh Index (22, 1, 17)
   Total Material
     Flux                                 0 +/- 0
     (n,Xt)                               0 +/- 0
     heating-local                        0 +/- 0
     Absorption Rate                      0 +/- 0
 Mesh Index (23, 1, 17)
   Total Material
     Flux                                 0 +/- 0
     (n,Xt)                               0 +/- 0
     heating-local                        0 +/- 0
     Absorption Rate                      0 +/- 0
 Mesh Index (24, 1, 17)
   Total Material
     Flux                                 0 +/- 0
     (n,Xt)                               0 +/- 0
     heating-local                        0 +/- 0
     Absorption Rate                      0 +/- 0
 Mesh Index (1, 1, 18)
   Total Material
     Flux                                 0.00424694 +/- 0.0014304
     (n,Xt)                               0 +/- 0
     heating-local                        0 +/- 0
     Absorption Rate                      0.000371554 +/- 0.000185234
 Mesh Index (2, 1, 18)
   Total Material
     Flux                                 0.0110133 +/- 0.0038412
     (n,Xt)                               0 +/- 0
     heating-local                        0 +/- 0
     Absorption Rate                      0.00015122 +/- 9.28856e-05
 Mesh Index (3, 1, 18)
   Total Material
     Flux                                 0.0240143 +/- 0.00709392
     (n,Xt)                               0 +/- 0
     heating-local                        0 +/- 0
     Absorption Rate                      0.000211778 +/- 0.000124379
 Mesh Index (4, 1, 18)
   Total Material
     Flux                                 0.0613937 +/- 0.00911648
     (n,Xt)                               0 +/- 0
     heating-local                        0 +/- 0
     Absorption Rate                      0.00189492 +/- 0.00119188
 Mesh Index (5, 1, 18)
   Total Material
     Flux                                 0.0514958 +/- 0.00794951
     (n,Xt)                               0 +/- 0
     heating-local                        0 +/- 0
     Absorption Rate                      0.00215842 +/- 0.00125647
 Mesh Index (6, 1, 18)
   Total Material
     Flux                                 0.0770777 +/- 0.0147873
     (n,Xt)                               0 +/- 0
     heating-local                        0 +/- 0
     Absorption Rate                      0.00166413 +/- 0.000867563
 Mesh Index (7, 1, 18)
   Total Material
     Flux                                 0.097884 +/- 0.0167866
     (n,Xt)                               0 +/- 0
     heating-local                        0 +/- 0
     Absorption Rate                      0.00117922 +/- 0.000601276
 Mesh Index (8, 1, 18)
   Total Material
     Flux                                 0.107631 +/- 0.0339096
     (n,Xt)                               1.25244e-05 +/- 5.72996e-06
     heating-local                        4379.57 +/- 2276.61
     Absorption Rate                      0.0023703 +/- 0.000936024
 Mesh Index (9, 1, 18)
   Total Material
     Flux                                 0.0608217 +/- 0.026853
     (n,Xt)                               0.000181294 +/- 0.00013093
     heating-local                        2591.72 +/- 1365.38
     Absorption Rate                      0.00124641 +/- 0.000629078
 Mesh Index (10, 1, 18)
   Total Material
     Flux                                 0.00253841 +/- 0.00207892
     (n,Xt)                               0 +/- 0
     heating-local                        0 +/- 0
     Absorption Rate                      0.000306555 +/- 0.000305487
 Mesh Index (11, 1, 18)
   Total Material
     Flux                                 0 +/- 0
     (n,Xt)                               0 +/- 0
     heating-local                        0 +/- 0
     Absorption Rate                      0 +/- 0
 Mesh Index (12, 1, 18)
   Total Material
     Flux                                 0 +/- 0
     (n,Xt)                               0 +/- 0
     heating-local                        0 +/- 0
     Absorption Rate                      0 +/- 0
 Mesh Index (13, 1, 18)
   Total Material
     Flux                                 0 +/- 0
     (n,Xt)                               0 +/- 0
     heating-local                        0 +/- 0
     Absorption Rate                      0 +/- 0
 Mesh Index (14, 1, 18)
   Total Material
     Flux                                 0 +/- 0
     (n,Xt)                               0 +/- 0
     heating-local                        0 +/- 0
     Absorption Rate                      0 +/- 0
 Mesh Index (15, 1, 18)
   Total Material
     Flux                                 0 +/- 0
     (n,Xt)                               0 +/- 0
     heating-local                        0 +/- 0
     Absorption Rate                      0 +/- 0
 Mesh Index (16, 1, 18)
   Total Material
     Flux                                 0 +/- 0
     (n,Xt)                               0 +/- 0
     heating-local                        0 +/- 0
     Absorption Rate                      0 +/- 0
 Mesh Index (17, 1, 18)
   Total Material
     Flux                                 0 +/- 0
     (n,Xt)                               0 +/- 0
     heating-local                        0 +/- 0
     Absorption Rate                      0 +/- 0
 Mesh Index (18, 1, 18)
   Total Material
     Flux                                 0 +/- 0
     (n,Xt)                               0 +/- 0
     heating-local                        0 +/- 0
     Absorption Rate                      0 +/- 0
 Mesh Index (19, 1, 18)
   Total Material
     Flux                                 0 +/- 0
     (n,Xt)                               0 +/- 0
     heating-local                        0 +/- 0
     Absorption Rate                      0 +/- 0
 Mesh Index (20, 1, 18)
   Total Material
     Flux                                 0 +/- 0
     (n,Xt)                               0 +/- 0
     heating-local                        0 +/- 0
     Absorption Rate                      0 +/- 0
 Mesh Index (21, 1, 18)
   Total Material
     Flux                                 0 +/- 0
     (n,Xt)                               0 +/- 0
     heating-local                        0 +/- 0
     Absorption Rate                      0 +/- 0
 Mesh Index (22, 1, 18)
   Total Material
     Flux                                 0 +/- 0
     (n,Xt)                               0 +/- 0
     heating-local                        0 +/- 0
     Absorption Rate                      0 +/- 0
 Mesh Index (23, 1, 18)
   Total Material
     Flux                                 0 +/- 0
     (n,Xt)                               0 +/- 0
     heating-local                        0 +/- 0
     Absorption Rate                      0 +/- 0
 Mesh Index (24, 1, 18)
   Total Material
     Flux                                 0 +/- 0
     (n,Xt)                               0 +/- 0
     heating-local                        0 +/- 0
     Absorption Rate                      0 +/- 0
 Mesh Index (1, 1, 19)
   Total Material
     Flux                                 0.00518366 +/- 0.00190578
     (n,Xt)                               0 +/- 0
     heating-local                        0 +/- 0
     Absorption Rate                      1.44062e-06 +/- 7.25473e-07
 Mesh Index (2, 1, 19)
   Total Material
     Flux                                 0.0216737 +/- 0.00469155
     (n,Xt)                               0 +/- 0
     heating-local                        0 +/- 0
     Absorption Rate                      0.000196599 +/- 0.000156808
 Mesh Index (3, 1, 19)
   Total Material
     Flux                                 0.0390619 +/- 0.0138258
     (n,Xt)                               0 +/- 0
     heating-local                        0 +/- 0
     Absorption Rate                      0.000899003 +/- 0.000600176
 Mesh Index (4, 1, 19)
   Total Material
     Flux                                 0.0262896 +/- 0.0057147
     (n,Xt)                               0 +/- 0
     heating-local                        0 +/- 0
     Absorption Rate                      0.000183755 +/- 0.000157468
 Mesh Index (5, 1, 19)
   Total Material
     Flux                                 0.0763714 +/- 0.0141579
     (n,Xt)                               0 +/- 0
     heating-local                        0 +/- 0
     Absorption Rate                      0.000425112 +/- 0.000159224
 Mesh Index (6, 1, 19)
   Total Material
     Flux                                 0.113224 +/- 0.0105495
     (n,Xt)                               0 +/- 0
     heating-local                        0 +/- 0
     Absorption Rate                      0.00527752 +/- 0.00249912
 Mesh Index (7, 1, 19)
   Total Material
     Flux                                 0.10513 +/- 0.0128985
     (n,Xt)                               0 +/- 0
     heating-local                        0 +/- 0
     Absorption Rate                      0.00199351 +/- 0.00101281
 Mesh Index (8, 1, 19)
   Total Material
     Flux                                 0.126118 +/- 0.0271446
     (n,Xt)                               0.000441774 +/- 0.000214221
     heating-local                        7989.25 +/- 2667.14
     Absorption Rate                      0.0031232 +/- 0.00101329
 Mesh Index (9, 1, 19)
   Total Material
     Flux                                 0.0538203 +/- 0.0256798
     (n,Xt)                               0.000353188 +/- 0.000225309
     heating-local                        2416.33 +/- 1282.87
     Absorption Rate                      0.00126748 +/- 0.000699625
 Mesh Index (10, 1, 19)
   Total Material
     Flux                                 0.00403371 +/- 0.00272056
     (n,Xt)                               5.72875e-05 +/- 5.72875e-05
     heating-local                        275.498 +/- 275.498
     Absorption Rate                      6.09628e-05 +/- 5.70041e-05
 Mesh Index (11, 1, 19)
   Total Material
     Flux                                 0 +/- 0
     (n,Xt)                               0 +/- 0
     heating-local                        0 +/- 0
     Absorption Rate                      0 +/- 0
 Mesh Index (12, 1, 19)
   Total Material
     Flux                                 0 +/- 0
     (n,Xt)                               0 +/- 0
     heating-local                        0 +/- 0
     Absorption Rate                      0 +/- 0
 Mesh Index (13, 1, 19)
   Total Material
     Flux                                 0 +/- 0
     (n,Xt)                               0 +/- 0
     heating-local                        0 +/- 0
     Absorption Rate                      0 +/- 0
 Mesh Index (14, 1, 19)
   Total Material
     Flux                                 0 +/- 0
     (n,Xt)                               0 +/- 0
     heating-local                        0 +/- 0
     Absorption Rate                      0 +/- 0
 Mesh Index (15, 1, 19)
   Total Material
     Flux                                 0 +/- 0
     (n,Xt)                               0 +/- 0
     heating-local                        0 +/- 0
     Absorption Rate                      0 +/- 0
 Mesh Index (16, 1, 19)
   Total Material
     Flux                                 0 +/- 0
     (n,Xt)                               0 +/- 0
     heating-local                        0 +/- 0
     Absorption Rate                      0 +/- 0
 Mesh Index (17, 1, 19)
   Total Material
     Flux                                 0 +/- 0
     (n,Xt)                               0 +/- 0
     heating-local                        0 +/- 0
     Absorption Rate                      0 +/- 0
 Mesh Index (18, 1, 19)
   Total Material
     Flux                                 0 +/- 0
     (n,Xt)                               0 +/- 0
     heating-local                        0 +/- 0
     Absorption Rate                      0 +/- 0
 Mesh Index (19, 1, 19)
   Total Material
     Flux                                 0 +/- 0
     (n,Xt)                               0 +/- 0
     heating-local                        0 +/- 0
     Absorption Rate                      0 +/- 0
 Mesh Index (20, 1, 19)
   Total Material
     Flux                                 0 +/- 0
     (n,Xt)                               0 +/- 0
     heating-local                        0 +/- 0
     Absorption Rate                      0 +/- 0
 Mesh Index (21, 1, 19)
   Total Material
     Flux                                 0 +/- 0
     (n,Xt)                               0 +/- 0
     heating-local                        0 +/- 0
     Absorption Rate                      0 +/- 0
 Mesh Index (22, 1, 19)
   Total Material
     Flux                                 0 +/- 0
     (n,Xt)                               0 +/- 0
     heating-local                        0 +/- 0
     Absorption Rate                      0 +/- 0
 Mesh Index (23, 1, 19)
   Total Material
     Flux                                 0 +/- 0
     (n,Xt)                               0 +/- 0
     heating-local                        0 +/- 0
     Absorption Rate                      0 +/- 0
 Mesh Index (24, 1, 19)
   Total Material
     Flux                                 0 +/- 0
     (n,Xt)                               0 +/- 0
     heating-local                        0 +/- 0
     Absorption Rate                      0 +/- 0
 Mesh Index (1, 1, 20)
   Total Material
     Flux                                 0.00971818 +/- 0.00402746
     (n,Xt)                               0 +/- 0
     heating-local                        0 +/- 0
     Absorption Rate                      0.000160754 +/- 0.000136165
 Mesh Index (2, 1, 20)
   Total Material
     Flux                                 0.0228873 +/- 0.00658376
     (n,Xt)                               0 +/- 0
     heating-local                        0 +/- 0
     Absorption Rate                      0.000619031 +/- 0.000347236
 Mesh Index (3, 1, 20)
   Total Material
     Flux                                 0.0524134 +/- 0.0130974
     (n,Xt)                               0 +/- 0
     heating-local                        0 +/- 0
     Absorption Rate                      0.0008449 +/- 0.000428651
 Mesh Index (4, 1, 20)
   Total Material
     Flux                                 0.0571904 +/- 0.0110868
     (n,Xt)                               0 +/- 0
     heating-local                        0 +/- 0
     Absorption Rate                      0.000859112 +/- 0.000507657
 Mesh Index (5, 1, 20)
   Total Material
     Flux                                 0.0808385 +/- 0.011835
     (n,Xt)                               0 +/- 0
     heating-local                        0 +/- 0
     Absorption Rate                      0.00326683 +/- 0.00242928
 Mesh Index (6, 1, 20)
   Total Material
     Flux                                 0.0864582 +/- 0.0116937
     (n,Xt)                               0 +/- 0
     heating-local                        0 +/- 0
     Absorption Rate                      0.00507697 +/- 0.00328358
 Mesh Index (7, 1, 20)
   Total Material
     Flux                                 0.132591 +/- 0.0173909
     (n,Xt)                               0 +/- 0
     heating-local                        0 +/- 0
     Absorption Rate                      0.00711073 +/- 0.00328414
 Mesh Index (8, 1, 20)
   Total Material
     Flux                                 0.192372 +/- 0.0400134
     (n,Xt)                               0.000354639 +/- 0.000101509
     heating-local                        12400.9 +/- 3791.9
     Absorption Rate                      0.00824917 +/- 0.00177236
 Mesh Index (9, 1, 20)
   Total Material
     Flux                                 0.0362851 +/- 0.0191848
     (n,Xt)                               0.000123466 +/- 5.26495e-05
     heating-local                        2597.31 +/- 1502.12
     Absorption Rate                      0.000392124 +/- 0.000161883
 Mesh Index (10, 1, 20)
   Total Material
     Flux                                 0.00316359 +/- 0.00316359
     (n,Xt)                               0.000105609 +/- 0.000105609
     heating-local                        507.879 +/- 507.879
     Absorption Rate                      0.000105624 +/- 0.000105624
 Mesh Index (11, 1, 20)
   Total Material
     Flux                                 0.000340099 +/- 0.000340099
     (n,Xt)                               1.2905e-05 +/- 1.2905e-05
     heating-local                        61.9614 +/- 61.9614
     Absorption Rate                      1.29063e-05 +/- 1.29063e-05
 Mesh Index (12, 1, 20)
   Total Material
     Flux                                 0 +/- 0
     (n,Xt)                               0 +/- 0
     heating-local                        0 +/- 0
     Absorption Rate                      0 +/- 0
 Mesh Index (13, 1, 20)
   Total Material
     Flux                                 0 +/- 0
     (n,Xt)                               0 +/- 0
     heating-local                        0 +/- 0
     Absorption Rate                      0 +/- 0
 Mesh Index (14, 1, 20)
   Total Material
     Flux                                 0 +/- 0
     (n,Xt)                               0 +/- 0
     heating-local                        0 +/- 0
     Absorption Rate                      0 +/- 0
 Mesh Index (15, 1, 20)
   Total Material
     Flux                                 0 +/- 0
     (n,Xt)                               0 +/- 0
     heating-local                        0 +/- 0
     Absorption Rate                      0 +/- 0
 Mesh Index (16, 1, 20)
   Total Material
     Flux                                 0 +/- 0
     (n,Xt)                               0 +/- 0
     heating-local                        0 +/- 0
     Absorption Rate                      0 +/- 0
 Mesh Index (17, 1, 20)
   Total Material
     Flux                                 0 +/- 0
     (n,Xt)                               0 +/- 0
     heating-local                        0 +/- 0
     Absorption Rate                      0 +/- 0
 Mesh Index (18, 1, 20)
   Total Material
     Flux                                 0 +/- 0
     (n,Xt)                               0 +/- 0
     heating-local                        0 +/- 0
     Absorption Rate                      0 +/- 0
 Mesh Index (19, 1, 20)
   Total Material
     Flux                                 0 +/- 0
     (n,Xt)                               0 +/- 0
     heating-local                        0 +/- 0
     Absorption Rate                      0 +/- 0
 Mesh Index (20, 1, 20)
   Total Material
     Flux                                 0 +/- 0
     (n,Xt)                               0 +/- 0
     heating-local                        0 +/- 0
     Absorption Rate                      0 +/- 0
 Mesh Index (21, 1, 20)
   Total Material
     Flux                                 0 +/- 0
     (n,Xt)                               0 +/- 0
     heating-local                        0 +/- 0
     Absorption Rate                      0 +/- 0
 Mesh Index (22, 1, 20)
   Total Material
     Flux                                 0 +/- 0
     (n,Xt)                               0 +/- 0
     heating-local                        0 +/- 0
     Absorption Rate                      0 +/- 0
 Mesh Index (23, 1, 20)
   Total Material
     Flux                                 0 +/- 0
     (n,Xt)                               0 +/- 0
     heating-local                        0 +/- 0
     Absorption Rate                      0 +/- 0
 Mesh Index (24, 1, 20)
   Total Material
     Flux                                 0 +/- 0
     (n,Xt)                               0 +/- 0
     heating-local                        0 +/- 0
     Absorption Rate                      0 +/- 0
 Mesh Index (1, 1, 21)
   Total Material
     Flux                                 0.00983196 +/- 0.0032351
     (n,Xt)                               0 +/- 0
     heating-local                        0 +/- 0
     Absorption Rate                      0.000281677 +/- 0.000186727
 Mesh Index (2, 1, 21)
   Total Material
     Flux                                 0.0327146 +/- 0.0103241
     (n,Xt)                               0 +/- 0
     heating-local                        0 +/- 0
     Absorption Rate                      6.58459e-05 +/- 2.96624e-05
 Mesh Index (3, 1, 21)
   Total Material
     Flux                                 0.045141 +/- 0.00794009
     (n,Xt)                               0 +/- 0
     heating-local                        0 +/- 0
     Absorption Rate                      0.00168863 +/- 0.00113782
 Mesh Index (4, 1, 21)
   Total Material
     Flux                                 0.0864432 +/- 0.0118003
     (n,Xt)                               0 +/- 0
     heating-local                        0 +/- 0
     Absorption Rate                      0.00131031 +/- 0.000931982
 Mesh Index (5, 1, 21)
   Total Material
     Flux                                 0.0956051 +/- 0.0115043
     (n,Xt)                               0 +/- 0
     heating-local                        0 +/- 0
     Absorption Rate                      0.00141991 +/- 0.000382591
 Mesh Index (6, 1, 21)
   Total Material
     Flux                                 0.111031 +/- 0.00698457
     (n,Xt)                               0 +/- 0
     heating-local                        0 +/- 0
     Absorption Rate                      0.00258841 +/- 0.00104482
 Mesh Index (7, 1, 21)
   Total Material
     Flux                                 0.132822 +/- 0.0107018
     (n,Xt)                               0 +/- 0
     heating-local                        0 +/- 0
     Absorption Rate                      0.00342847 +/- 0.00227349
 Mesh Index (8, 1, 21)
   Total Material
     Flux                                 0.200894 +/- 0.0414579
     (n,Xt)                               0.00101383 +/- 0.000294772
     heating-local                        18337.4 +/- 5022.14
     Absorption Rate                      0.00646889 +/- 0.00159746
 Mesh Index (9, 1, 21)
   Total Material
     Flux                                 0.0536888 +/- 0.0179122
     (n,Xt)                               0.000721869 +/- 0.00030791
     heating-local                        4766.8 +/- 2053.44
     Absorption Rate                      0.0012934 +/- 0.000464425
 Mesh Index (10, 1, 21)
   Total Material
     Flux                                 0.00898688 +/- 0.00626816
     (n,Xt)                               0 +/- 0
     heating-local                        0 +/- 0
     Absorption Rate                      0.000149019 +/- 0.000125179
 Mesh Index (11, 1, 21)
   Total Material
     Flux                                 0.000529224 +/- 0.000529224
     (n,Xt)                               1.33045e-06 +/- 1.33045e-06
     heating-local                        99.569 +/- 99.569
     Absorption Rate                      4.99125e-06 +/- 4.99125e-06
 Mesh Index (12, 1, 21)
   Total Material
     Flux                                 0.000527146 +/- 0.000527146
     (n,Xt)                               1.0668e-05 +/- 1.0668e-05
     heating-local                        56.0549 +/- 56.0549
     Absorption Rate                      1.06768e-05 +/- 1.06768e-05
 Mesh Index (13, 1, 21)
   Total Material
     Flux                                 0 +/- 0
     (n,Xt)                               0 +/- 0
     heating-local                        0 +/- 0
     Absorption Rate                      0 +/- 0
 Mesh Index (14, 1, 21)
   Total Material
     Flux                                 0 +/- 0
     (n,Xt)                               0 +/- 0
     heating-local                        0 +/- 0
     Absorption Rate                      0 +/- 0
 Mesh Index (15, 1, 21)
   Total Material
     Flux                                 0 +/- 0
     (n,Xt)                               0 +/- 0
     heating-local                        0 +/- 0
     Absorption Rate                      0 +/- 0
 Mesh Index (16, 1, 21)
   Total Material
     Flux                                 0 +/- 0
     (n,Xt)                               0 +/- 0
     heating-local                        0 +/- 0
     Absorption Rate                      0 +/- 0
 Mesh Index (17, 1, 21)
   Total Material
     Flux                                 0 +/- 0
     (n,Xt)                               0 +/- 0
     heating-local                        0 +/- 0
     Absorption Rate                      0 +/- 0
 Mesh Index (18, 1, 21)
   Total Material
     Flux                                 0 +/- 0
     (n,Xt)                               0 +/- 0
     heating-local                        0 +/- 0
     Absorption Rate                      0 +/- 0
 Mesh Index (19, 1, 21)
   Total Material
     Flux                                 0 +/- 0
     (n,Xt)                               0 +/- 0
     heating-local                        0 +/- 0
     Absorption Rate                      0 +/- 0
 Mesh Index (20, 1, 21)
   Total Material
     Flux                                 0 +/- 0
     (n,Xt)                               0 +/- 0
     heating-local                        0 +/- 0
     Absorption Rate                      0 +/- 0
 Mesh Index (21, 1, 21)
   Total Material
     Flux                                 0 +/- 0
     (n,Xt)                               0 +/- 0
     heating-local                        0 +/- 0
     Absorption Rate                      0 +/- 0
 Mesh Index (22, 1, 21)
   Total Material
     Flux                                 0 +/- 0
     (n,Xt)                               0 +/- 0
     heating-local                        0 +/- 0
     Absorption Rate                      0 +/- 0
 Mesh Index (23, 1, 21)
   Total Material
     Flux                                 0 +/- 0
     (n,Xt)                               0 +/- 0
     heating-local                        0 +/- 0
     Absorption Rate                      0 +/- 0
 Mesh Index (24, 1, 21)
   Total Material
     Flux                                 0 +/- 0
     (n,Xt)                               0 +/- 0
     heating-local                        0 +/- 0
     Absorption Rate                      0 +/- 0
 Mesh Index (1, 1, 22)
   Total Material
     Flux                                 0.00811076 +/- 0.00330037
     (n,Xt)                               0 +/- 0
     heating-local                        0 +/- 0
     Absorption Rate                      0.000100743 +/- 8.49953e-05
 Mesh Index (2, 1, 22)
   Total Material
     Flux                                 0.0356409 +/- 0.00722114
     (n,Xt)                               0 +/- 0
     heating-local                        0 +/- 0
     Absorption Rate                      1.62634e-05 +/- 1.60859e-05
 Mesh Index (3, 1, 22)
   Total Material
     Flux                                 0.0741817 +/- 0.0103569
     (n,Xt)                               0 +/- 0
     heating-local                        0 +/- 0
     Absorption Rate                      0.000441331 +/- 0.000218327
 Mesh Index (4, 1, 22)
   Total Material
     Flux                                 0.082984 +/- 0.0107899
     (n,Xt)                               0 +/- 0
     heating-local                        0 +/- 0
     Absorption Rate                      0.00474906 +/- 0.00413076
 Mesh Index (5, 1, 22)
   Total Material
     Flux                                 0.108527 +/- 0.0128478
     (n,Xt)                               0 +/- 0
     heating-local                        0 +/- 0
     Absorption Rate                      0.00239865 +/- 0.00163927
 Mesh Index (6, 1, 22)
   Total Material
     Flux                                 0.138941 +/- 0.0176003
     (n,Xt)                               0 +/- 0
     heating-local                        0 +/- 0
     Absorption Rate                      0.00348038 +/- 0.00168346
 Mesh Index (7, 1, 22)
   Total Material
     Flux                                 0.197249 +/- 0.0224866
     (n,Xt)                               0 +/- 0
     heating-local                        0 +/- 0
     Absorption Rate                      0.00404582 +/- 0.00150056
 Mesh Index (8, 1, 22)
   Total Material
     Flux                                 0.301769 +/- 0.0413621
     (n,Xt)                               0.00108236 +/- 0.000301812
     heating-local                        21498.1 +/- 3438.71
     Absorption Rate                      0.00862197 +/- 0.00138502
 Mesh Index (9, 1, 22)
   Total Material
     Flux                                 0.103677 +/- 0.0291325
     (n,Xt)                               0.000571343 +/- 0.000128919
     heating-local                        5652.9 +/- 1447.54
     Absorption Rate                      0.00199933 +/- 0.00061286
 Mesh Index (10, 1, 22)
   Total Material
     Flux                                 0.0140764 +/- 0.00871247
     (n,Xt)                               2.54195e-05 +/- 2.54195e-05
     heating-local                        404.019 +/- 404.019
     Absorption Rate                      0.000329873 +/- 0.000226615
 Mesh Index (11, 1, 22)
   Total Material
     Flux                                 0.00418214 +/- 0.00418214
     (n,Xt)                               0 +/- 0
     heating-local                        0 +/- 0
     Absorption Rate                      0.000133419 +/- 0.000133419
 Mesh Index (12, 1, 22)
   Total Material
     Flux                                 0 +/- 0
     (n,Xt)                               0 +/- 0
     heating-local                        0 +/- 0
     Absorption Rate                      0 +/- 0
 Mesh Index (13, 1, 22)
   Total Material
     Flux                                 0 +/- 0
     (n,Xt)                               0 +/- 0
     heating-local                        0 +/- 0
     Absorption Rate                      0 +/- 0
 Mesh Index (14, 1, 22)
   Total Material
     Flux                                 0 +/- 0
     (n,Xt)                               0 +/- 0
     heating-local                        0 +/- 0
     Absorption Rate                      0 +/- 0
 Mesh Index (15, 1, 22)
   Total Material
     Flux                                 0 +/- 0
     (n,Xt)                               0 +/- 0
     heating-local                        0 +/- 0
     Absorption Rate                      0 +/- 0
 Mesh Index (16, 1, 22)
   Total Material
     Flux                                 0 +/- 0
     (n,Xt)                               0 +/- 0
     heating-local                        0 +/- 0
     Absorption Rate                      0 +/- 0
 Mesh Index (17, 1, 22)
   Total Material
     Flux                                 0 +/- 0
     (n,Xt)                               0 +/- 0
     heating-local                        0 +/- 0
     Absorption Rate                      0 +/- 0
 Mesh Index (18, 1, 22)
   Total Material
     Flux                                 0 +/- 0
     (n,Xt)                               0 +/- 0
     heating-local                        0 +/- 0
     Absorption Rate                      0 +/- 0
 Mesh Index (19, 1, 22)
   Total Material
     Flux                                 0 +/- 0
     (n,Xt)                               0 +/- 0
     heating-local                        0 +/- 0
     Absorption Rate                      0 +/- 0
 Mesh Index (20, 1, 22)
   Total Material
     Flux                                 0 +/- 0
     (n,Xt)                               0 +/- 0
     heating-local                        0 +/- 0
     Absorption Rate                      0 +/- 0
 Mesh Index (21, 1, 22)
   Total Material
     Flux                                 0 +/- 0
     (n,Xt)                               0 +/- 0
     heating-local                        0 +/- 0
     Absorption Rate                      0 +/- 0
 Mesh Index (22, 1, 22)
   Total Material
     Flux                                 0 +/- 0
     (n,Xt)                               0 +/- 0
     heating-local                        0 +/- 0
     Absorption Rate                      0 +/- 0
 Mesh Index (23, 1, 22)
   Total Material
     Flux                                 0 +/- 0
     (n,Xt)                               0 +/- 0
     heating-local                        0 +/- 0
     Absorption Rate                      0 +/- 0
 Mesh Index (24, 1, 22)
   Total Material
     Flux                                 0 +/- 0
     (n,Xt)                               0 +/- 0
     heating-local                        0 +/- 0
     Absorption Rate                      0 +/- 0
 Mesh Index (1, 1, 23)
   Total Material
     Flux                                 0.0208753 +/- 0.00707716
     (n,Xt)                               0 +/- 0
     heating-local                        0 +/- 0
     Absorption Rate                      9.53628e-05 +/- 5.2959e-05
 Mesh Index (2, 1, 23)
   Total Material
     Flux                                 0.0516081 +/- 0.00921463
     (n,Xt)                               0 +/- 0
     heating-local                        0 +/- 0
     Absorption Rate                      0.00013762 +/- 6.02006e-05
 Mesh Index (3, 1, 23)
   Total Material
     Flux                                 0.092871 +/- 0.00911709
     (n,Xt)                               0 +/- 0
     heating-local                        0 +/- 0
     Absorption Rate                      0.000830877 +/- 0.000495333
 Mesh Index (4, 1, 23)
   Total Material
     Flux                                 0.129899 +/- 0.0121934
     (n,Xt)                               0 +/- 0
     heating-local                        0 +/- 0
     Absorption Rate                      0.00264354 +/- 0.00113188
 Mesh Index (5, 1, 23)
   Total Material
     Flux                                 0.166391 +/- 0.0142182
     (n,Xt)                               0 +/- 0
     heating-local                        0 +/- 0
     Absorption Rate                      0.00425586 +/- 0.00165551
 Mesh Index (6, 1, 23)
   Total Material
     Flux                                 0.155881 +/- 0.0225765
     (n,Xt)                               0 +/- 0
     heating-local                        0 +/- 0
     Absorption Rate                      0.00241134 +/- 0.00093408
 Mesh Index (7, 1, 23)
   Total Material
     Flux                                 0.182384 +/- 0.0228466
     (n,Xt)                               0 +/- 0
     heating-local                        0 +/- 0
     Absorption Rate                      0.00173159 +/- 0.000594284
 Mesh Index (8, 1, 23)
   Total Material
     Flux                                 0.246584 +/- 0.0327652
     (n,Xt)                               0.00116308 +/- 0.000192532
     heating-local                        18577.5 +/- 2604.14
     Absorption Rate                      0.00677076 +/- 0.00104311
 Mesh Index (9, 1, 23)
   Total Material
     Flux                                 0.0923816 +/- 0.0312746
     (n,Xt)                               0.000603979 +/- 0.000249381
     heating-local                        5163.82 +/- 1955.95
     Absorption Rate                      0.00249651 +/- 0.000758565
 Mesh Index (10, 1, 23)
   Total Material
     Flux                                 0.00137895 +/- 0.00127119
     (n,Xt)                               7.12259e-06 +/- 7.12259e-06
     heating-local                        118.001 +/- 118.001
     Absorption Rate                      1.01421e-05 +/- 7.80447e-06
 Mesh Index (11, 1, 23)
   Total Material
     Flux                                 0 +/- 0
     (n,Xt)                               0 +/- 0
     heating-local                        0 +/- 0
     Absorption Rate                      0 +/- 0
 Mesh Index (12, 1, 23)
   Total Material
     Flux                                 0 +/- 0
     (n,Xt)                               0 +/- 0
     heating-local                        0 +/- 0
     Absorption Rate                      0 +/- 0
 Mesh Index (13, 1, 23)
   Total Material
     Flux                                 0 +/- 0
     (n,Xt)                               0 +/- 0
     heating-local                        0 +/- 0
     Absorption Rate                      0 +/- 0
 Mesh Index (14, 1, 23)
   Total Material
     Flux                                 0 +/- 0
     (n,Xt)                               0 +/- 0
     heating-local                        0 +/- 0
     Absorption Rate                      0 +/- 0
 Mesh Index (15, 1, 23)
   Total Material
     Flux                                 0 +/- 0
     (n,Xt)                               0 +/- 0
     heating-local                        0 +/- 0
     Absorption Rate                      0 +/- 0
 Mesh Index (16, 1, 23)
   Total Material
     Flux                                 0 +/- 0
     (n,Xt)                               0 +/- 0
     heating-local                        0 +/- 0
     Absorption Rate                      0 +/- 0
 Mesh Index (17, 1, 23)
   Total Material
     Flux                                 0 +/- 0
     (n,Xt)                               0 +/- 0
     heating-local                        0 +/- 0
     Absorption Rate                      0 +/- 0
 Mesh Index (18, 1, 23)
   Total Material
     Flux                                 0 +/- 0
     (n,Xt)                               0 +/- 0
     heating-local                        0 +/- 0
     Absorption Rate                      0 +/- 0
 Mesh Index (19, 1, 23)
   Total Material
     Flux                                 0 +/- 0
     (n,Xt)                               0 +/- 0
     heating-local                        0 +/- 0
     Absorption Rate                      0 +/- 0
 Mesh Index (20, 1, 23)
   Total Material
     Flux                                 0 +/- 0
     (n,Xt)                               0 +/- 0
     heating-local                        0 +/- 0
     Absorption Rate                      0 +/- 0
 Mesh Index (21, 1, 23)
   Total Material
     Flux                                 0 +/- 0
     (n,Xt)                               0 +/- 0
     heating-local                        0 +/- 0
     Absorption Rate                      0 +/- 0
 Mesh Index (22, 1, 23)
   Total Material
     Flux                                 0 +/- 0
     (n,Xt)                               0 +/- 0
     heating-local                        0 +/- 0
     Absorption Rate                      0 +/- 0
 Mesh Index (23, 1, 23)
   Total Material
     Flux                                 0 +/- 0
     (n,Xt)                               0 +/- 0
     heating-local                        0 +/- 0
     Absorption Rate                      0 +/- 0
 Mesh Index (24, 1, 23)
   Total Material
     Flux                                 0 +/- 0
     (n,Xt)                               0 +/- 0
     heating-local                        0 +/- 0
     Absorption Rate                      0 +/- 0
 Mesh Index (1, 1, 24)
   Total Material
     Flux                                 0.0757739 +/- 0.00907869
     (n,Xt)                               0 +/- 0
     heating-local                        0 +/- 0
     Absorption Rate                      1.06478e-05 +/- 7.31313e-06
 Mesh Index (2, 1, 24)
   Total Material
     Flux                                 0.0898486 +/- 0.00910565
     (n,Xt)                               0 +/- 0
     heating-local                        0 +/- 0
     Absorption Rate                      9.57986e-05 +/- 6.77975e-05
 Mesh Index (3, 1, 24)
   Total Material
     Flux                                 0.135223 +/- 0.0150622
     (n,Xt)                               0 +/- 0
     heating-local                        0 +/- 0
     Absorption Rate                      0.00130722 +/- 0.000557791
 Mesh Index (4, 1, 24)
   Total Material
     Flux                                 0.15974 +/- 0.0171257
     (n,Xt)                               0 +/- 0
     heating-local                        0 +/- 0
     Absorption Rate                      0.00286164 +/- 0.00101179
 Mesh Index (5, 1, 24)
   Total Material
     Flux                                 0.112895 +/- 0.0132452
     (n,Xt)                               0 +/- 0
     heating-local                        0 +/- 0
     Absorption Rate                      0.000741346 +/- 0.000334634
 Mesh Index (6, 1, 24)
   Total Material
     Flux                                 0.13155 +/- 0.0159252
     (n,Xt)                               0 +/- 0
     heating-local                        0 +/- 0
     Absorption Rate                      0.00555423 +/- 0.00335008
 Mesh Index (7, 1, 24)
   Total Material
     Flux                                 0.161743 +/- 0.0172149
     (n,Xt)                               0 +/- 0
     heating-local                        0 +/- 0
     Absorption Rate                      0.0032295 +/- 0.00104708
 Mesh Index (8, 1, 24)
   Total Material
     Flux                                 0.208283 +/- 0.0401234
     (n,Xt)                               0.000906856 +/- 0.000273249
     heating-local                        14064.6 +/- 3012.57
     Absorption Rate                      0.0063742 +/- 0.00126554
 Mesh Index (9, 1, 24)
   Total Material
     Flux                                 0.05705 +/- 0.0187935
     (n,Xt)                               0.000216388 +/- 9.1259e-05
     heating-local                        2284.12 +/- 939.326
     Absorption Rate                      0.00128965 +/- 0.00051116
 Mesh Index (10, 1, 24)
   Total Material
     Flux                                 0.00425604 +/- 0.00282635
     (n,Xt)                               9.03524e-07 +/- 9.03524e-07
     heating-local                        291.503 +/- 291.503
     Absorption Rate                      8.43412e-05 +/- 5.17789e-05
 Mesh Index (11, 1, 24)
   Total Material
     Flux                                 0 +/- 0
     (n,Xt)                               0 +/- 0
     heating-local                        0 +/- 0
     Absorption Rate                      0 +/- 0
 Mesh Index (12, 1, 24)
   Total Material
     Flux                                 0 +/- 0
     (n,Xt)                               0 +/- 0
     heating-local                        0 +/- 0
     Absorption Rate                      0 +/- 0
 Mesh Index (13, 1, 24)
   Total Material
     Flux                                 0 +/- 0
     (n,Xt)                               0 +/- 0
     heating-local                        0 +/- 0
     Absorption Rate                      0 +/- 0
 Mesh Index (14, 1, 24)
   Total Material
     Flux                                 0 +/- 0
     (n,Xt)                               0 +/- 0
     heating-local                        0 +/- 0
     Absorption Rate                      0 +/- 0
 Mesh Index (15, 1, 24)
   Total Material
     Flux                                 0 +/- 0
     (n,Xt)                               0 +/- 0
     heating-local                        0 +/- 0
     Absorption Rate                      0 +/- 0
 Mesh Index (16, 1, 24)
   Total Material
     Flux                                 0 +/- 0
     (n,Xt)                               0 +/- 0
     heating-local                        0 +/- 0
     Absorption Rate                      0 +/- 0
 Mesh Index (17, 1, 24)
   Total Material
     Flux                                 0 +/- 0
     (n,Xt)                               0 +/- 0
     heating-local                        0 +/- 0
     Absorption Rate                      0 +/- 0
 Mesh Index (18, 1, 24)
   Total Material
     Flux                                 0 +/- 0
     (n,Xt)                               0 +/- 0
     heating-local                        0 +/- 0
     Absorption Rate                      0 +/- 0
 Mesh Index (19, 1, 24)
   Total Material
     Flux                                 0 +/- 0
     (n,Xt)                               0 +/- 0
     heating-local                        0 +/- 0
     Absorption Rate                      0 +/- 0
 Mesh Index (20, 1, 24)
   Total Material
     Flux                                 0 +/- 0
     (n,Xt)                               0 +/- 0
     heating-local                        0 +/- 0
     Absorption Rate                      0 +/- 0
 Mesh Index (21, 1, 24)
   Total Material
     Flux                                 0 +/- 0
     (n,Xt)                               0 +/- 0
     heating-local                        0 +/- 0
     Absorption Rate                      0 +/- 0
 Mesh Index (22, 1, 24)
   Total Material
     Flux                                 0 +/- 0
     (n,Xt)                               0 +/- 0
     heating-local                        0 +/- 0
     Absorption Rate                      0 +/- 0
 Mesh Index (23, 1, 24)
   Total Material
     Flux                                 0 +/- 0
     (n,Xt)                               0 +/- 0
     heating-local                        0 +/- 0
     Absorption Rate                      0 +/- 0
 Mesh Index (24, 1, 24)
   Total Material
     Flux                                 0 +/- 0
     (n,Xt)                               0 +/- 0
     heating-local                        0 +/- 0
     Absorption Rate                      0 +/- 0
 Mesh Index (1, 1, 25)
   Total Material
     Flux                                 0.365743 +/- 0.0166375
     (n,Xt)                               0 +/- 0
     heating-local                        0 +/- 0
     Absorption Rate                      0.000159516 +/- 8.25936e-05
 Mesh Index (2, 1, 25)
   Total Material
     Flux                                 0.15072 +/- 0.0178696
     (n,Xt)                               0 +/- 0
     heating-local                        0 +/- 0
     Absorption Rate                      0.00101687 +/- 0.000611658
 Mesh Index (3, 1, 25)
   Total Material
     Flux                                 0.108446 +/- 0.0129503
     (n,Xt)                               0 +/- 0
     heating-local                        0 +/- 0
     Absorption Rate                      0.0025779 +/- 0.00159666
 Mesh Index (4, 1, 25)
   Total Material
     Flux                                 0.14305 +/- 0.0150303
     (n,Xt)                               0 +/- 0
     heating-local                        0 +/- 0
     Absorption Rate                      0.00168401 +/- 0.000827998
 Mesh Index (5, 1, 25)
   Total Material
     Flux                                 0.14866 +/- 0.0153089
     (n,Xt)                               0 +/- 0
     heating-local                        0 +/- 0
     Absorption Rate                      0.00738254 +/- 0.0026944
 Mesh Index (6, 1, 25)
   Total Material
     Flux                                 0.161919 +/- 0.0178953
     (n,Xt)                               0 +/- 0
     heating-local                        0 +/- 0
     Absorption Rate                      0.00506355 +/- 0.00222209
 Mesh Index (7, 1, 25)
   Total Material
     Flux                                 0.222418 +/- 0.0306238
     (n,Xt)                               0 +/- 0
     heating-local                        0 +/- 0
     Absorption Rate                      0.00688222 +/- 0.00285275
 Mesh Index (8, 1, 25)
   Total Material
     Flux                                 0.271722 +/- 0.0516487
     (n,Xt)                               0.000928402 +/- 0.00027373
     heating-local                        26356.5 +/- 5611.61
     Absorption Rate                      0.00754936 +/- 0.00152781
 Mesh Index (9, 1, 25)
   Total Material
     Flux                                 0.124365 +/- 0.0256861
     (n,Xt)                               0.00051052 +/- 0.000199556
     heating-local                        9759.96 +/- 2299.5
     Absorption Rate                      0.00381718 +/- 0.00120078
 Mesh Index (10, 1, 25)
   Total Material
     Flux                                 0.0370933 +/- 0.0219965
     (n,Xt)                               8.49376e-05 +/- 6.39737e-05
     heating-local                        2395.2 +/- 1546.21
     Absorption Rate                      0.00168392 +/- 0.00101697
 Mesh Index (11, 1, 25)
   Total Material
     Flux                                 0 +/- 0
     (n,Xt)                               0 +/- 0
     heating-local                        0 +/- 0
     Absorption Rate                      0 +/- 0
 Mesh Index (12, 1, 25)
   Total Material
     Flux                                 0 +/- 0
     (n,Xt)                               0 +/- 0
     heating-local                        0 +/- 0
     Absorption Rate                      0 +/- 0
 Mesh Index (13, 1, 25)
   Total Material
     Flux                                 0 +/- 0
     (n,Xt)                               0 +/- 0
     heating-local                        0 +/- 0
     Absorption Rate                      0 +/- 0
 Mesh Index (14, 1, 25)
   Total Material
     Flux                                 0 +/- 0
     (n,Xt)                               0 +/- 0
     heating-local                        0 +/- 0
     Absorption Rate                      0 +/- 0
 Mesh Index (15, 1, 25)
   Total Material
     Flux                                 0 +/- 0
     (n,Xt)                               0 +/- 0
     heating-local                        0 +/- 0
     Absorption Rate                      0 +/- 0
 Mesh Index (16, 1, 25)
   Total Material
     Flux                                 0 +/- 0
     (n,Xt)                               0 +/- 0
     heating-local                        0 +/- 0
     Absorption Rate                      0 +/- 0
 Mesh Index (17, 1, 25)
   Total Material
     Flux                                 0 +/- 0
     (n,Xt)                               0 +/- 0
     heating-local                        0 +/- 0
     Absorption Rate                      0 +/- 0
 Mesh Index (18, 1, 25)
   Total Material
     Flux                                 0 +/- 0
     (n,Xt)                               0 +/- 0
     heating-local                        0 +/- 0
     Absorption Rate                      0 +/- 0
 Mesh Index (19, 1, 25)
   Total Material
     Flux                                 0 +/- 0
     (n,Xt)                               0 +/- 0
     heating-local                        0 +/- 0
     Absorption Rate                      0 +/- 0
 Mesh Index (20, 1, 25)
   Total Material
     Flux                                 0 +/- 0
     (n,Xt)                               0 +/- 0
     heating-local                        0 +/- 0
     Absorption Rate                      0 +/- 0
 Mesh Index (21, 1, 25)
   Total Material
     Flux                                 0 +/- 0
     (n,Xt)                               0 +/- 0
     heating-local                        0 +/- 0
     Absorption Rate                      0 +/- 0
 Mesh Index (22, 1, 25)
   Total Material
     Flux                                 0 +/- 0
     (n,Xt)                               0 +/- 0
     heating-local                        0 +/- 0
     Absorption Rate                      0 +/- 0
 Mesh Index (23, 1, 25)
   Total Material
     Flux                                 0 +/- 0
     (n,Xt)                               0 +/- 0
     heating-local                        0 +/- 0
     Absorption Rate                      0 +/- 0
 Mesh Index (24, 1, 25)
   Total Material
     Flux                                 0 +/- 0
     (n,Xt)                               0 +/- 0
     heating-local                        0 +/- 0
     Absorption Rate                      0 +/- 0
 Mesh Index (1, 1, 26)
   Total Material
     Flux                                 0.0829494 +/- 0.00871008
     (n,Xt)                               0 +/- 0
     heating-local                        0 +/- 0
     Absorption Rate                      0.000233725 +/- 0.000131177
 Mesh Index (2, 1, 26)
   Total Material
     Flux                                 0.112572 +/- 0.0172092
     (n,Xt)                               0 +/- 0
     heating-local                        0 +/- 0
     Absorption Rate                      3.26703e-06 +/- 2.0033e-06
 Mesh Index (3, 1, 26)
   Total Material
     Flux                                 0.111297 +/- 0.0172472
     (n,Xt)                               0 +/- 0
     heating-local                        0 +/- 0
     Absorption Rate                      0.00206673 +/- 0.00136157
 Mesh Index (4, 1, 26)
   Total Material
     Flux                                 0.134323 +/- 0.0145934
     (n,Xt)                               0 +/- 0
     heating-local                        0 +/- 0
     Absorption Rate                      0.00152204 +/- 0.0007612
 Mesh Index (5, 1, 26)
   Total Material
     Flux                                 0.128114 +/- 0.0186101
     (n,Xt)                               0 +/- 0
     heating-local                        0 +/- 0
     Absorption Rate                      0.00276766 +/- 0.00178134
 Mesh Index (6, 1, 26)
   Total Material
     Flux                                 0.199099 +/- 0.0213682
     (n,Xt)                               0 +/- 0
     heating-local                        0 +/- 0
     Absorption Rate                      0.00261267 +/- 0.001443
 Mesh Index (7, 1, 26)
   Total Material
     Flux                                 0.1743 +/- 0.0163606
     (n,Xt)                               0 +/- 0
     heating-local                        0 +/- 0
     Absorption Rate                      0.0027682 +/- 0.00107103
 Mesh Index (8, 1, 26)
   Total Material
     Flux                                 0.174753 +/- 0.0213453
     (n,Xt)                               0.000936515 +/- 0.000234534
     heating-local                        19601.7 +/- 2277.58
     Absorption Rate                      0.00553231 +/- 0.00118418
 Mesh Index (9, 1, 26)
   Total Material
     Flux                                 0.104832 +/- 0.0243582
     (n,Xt)                               0.000578329 +/- 0.000182309
     heating-local                        6650.34 +/- 1746.98
     Absorption Rate                      0.0020438 +/- 0.000503132
 Mesh Index (10, 1, 26)
   Total Material
     Flux                                 0.0295484 +/- 0.0147041
     (n,Xt)                               0.000120709 +/- 9.63987e-05
     heating-local                        747.193 +/- 595.876
     Absorption Rate                      0.000771072 +/- 0.000379273
 Mesh Index (11, 1, 26)
   Total Material
     Flux                                 0.00224598 +/- 0.00152851
     (n,Xt)                               0 +/- 0
     heating-local                        0 +/- 0
     Absorption Rate                      8.81876e-05 +/- 7.38468e-05
 Mesh Index (12, 1, 26)
   Total Material
     Flux                                 0.000727104 +/- 0.000727104
     (n,Xt)                               0 +/- 0
     heating-local                        0 +/- 0
     Absorption Rate                      0.000107675 +/- 0.000107675
 Mesh Index (13, 1, 26)
   Total Material
     Flux                                 0 +/- 0
     (n,Xt)                               0 +/- 0
     heating-local                        0 +/- 0
     Absorption Rate                      0 +/- 0
 Mesh Index (14, 1, 26)
   Total Material
     Flux                                 0 +/- 0
     (n,Xt)                               0 +/- 0
     heating-local                        0 +/- 0
     Absorption Rate                      0 +/- 0
 Mesh Index (15, 1, 26)
   Total Material
     Flux                                 0 +/- 0
     (n,Xt)                               0 +/- 0
     heating-local                        0 +/- 0
     Absorption Rate                      0 +/- 0
 Mesh Index (16, 1, 26)
   Total Material
     Flux                                 0 +/- 0
     (n,Xt)                               0 +/- 0
     heating-local                        0 +/- 0
     Absorption Rate                      0 +/- 0
 Mesh Index (17, 1, 26)
   Total Material
     Flux                                 0 +/- 0
     (n,Xt)                               0 +/- 0
     heating-local                        0 +/- 0
     Absorption Rate                      0 +/- 0
 Mesh Index (18, 1, 26)
   Total Material
     Flux                                 0 +/- 0
     (n,Xt)                               0 +/- 0
     heating-local                        0 +/- 0
     Absorption Rate                      0 +/- 0
 Mesh Index (19, 1, 26)
   Total Material
     Flux                                 0 +/- 0
     (n,Xt)                               0 +/- 0
     heating-local                        0 +/- 0
     Absorption Rate                      0 +/- 0
 Mesh Index (20, 1, 26)
   Total Material
     Flux                                 0 +/- 0
     (n,Xt)                               0 +/- 0
     heating-local                        0 +/- 0
     Absorption Rate                      0 +/- 0
 Mesh Index (21, 1, 26)
   Total Material
     Flux                                 0 +/- 0
     (n,Xt)                               0 +/- 0
     heating-local                        0 +/- 0
     Absorption Rate                      0 +/- 0
 Mesh Index (22, 1, 26)
   Total Material
     Flux                                 0 +/- 0
     (n,Xt)                               0 +/- 0
     heating-local                        0 +/- 0
     Absorption Rate                      0 +/- 0
 Mesh Index (23, 1, 26)
   Total Material
     Flux                                 0 +/- 0
     (n,Xt)                               0 +/- 0
     heating-local                        0 +/- 0
     Absorption Rate                      0 +/- 0
 Mesh Index (24, 1, 26)
   Total Material
     Flux                                 0 +/- 0
     (n,Xt)                               0 +/- 0
     heating-local                        0 +/- 0
     Absorption Rate                      0 +/- 0
 Mesh Index (1, 1, 27)
   Total Material
     Flux                                 0.0277899 +/- 0.00718105
     (n,Xt)                               0 +/- 0
     heating-local                        0 +/- 0
     Absorption Rate                      0.000165556 +/- 0.000114612
 Mesh Index (2, 1, 27)
   Total Material
     Flux                                 0.0586438 +/- 0.0114859
     (n,Xt)                               0 +/- 0
     heating-local                        0 +/- 0
     Absorption Rate                      0.000914251 +/- 0.000445872
 Mesh Index (3, 1, 27)
   Total Material
     Flux                                 0.104262 +/- 0.0174144
     (n,Xt)                               0 +/- 0
     heating-local                        0 +/- 0
     Absorption Rate                      0.000888407 +/- 0.000702607
 Mesh Index (4, 1, 27)
   Total Material
     Flux                                 0.120887 +/- 0.015131
     (n,Xt)                               0 +/- 0
     heating-local                        0 +/- 0
     Absorption Rate                      0.00115947 +/- 0.000543085
 Mesh Index (5, 1, 27)
   Total Material
     Flux                                 0.119337 +/- 0.0185397
     (n,Xt)                               0 +/- 0
     heating-local                        0 +/- 0
     Absorption Rate                      0.00130226 +/- 0.00101214
 Mesh Index (6, 1, 27)
   Total Material
     Flux                                 0.156404 +/- 0.0154787
     (n,Xt)                               0 +/- 0
     heating-local                        0 +/- 0
     Absorption Rate                      0.00238436 +/- 0.000865344
 Mesh Index (7, 1, 27)
   Total Material
     Flux                                 0.149079 +/- 0.0168331
     (n,Xt)                               0 +/- 0
     heating-local                        0 +/- 0
     Absorption Rate                      0.00872495 +/- 0.00338088
 Mesh Index (8, 1, 27)
   Total Material
     Flux                                 0.139957 +/- 0.0200535
     (n,Xt)                               0.000462417 +/- 0.000120864
     heating-local                        10324.4 +/- 1897.48
     Absorption Rate                      0.0047178 +/- 0.00129326
 Mesh Index (9, 1, 27)
   Total Material
     Flux                                 0.0842673 +/- 0.018964
     (n,Xt)                               0.000448808 +/- 0.000229549
     heating-local                        4039.7 +/- 1038.06
     Absorption Rate                      0.00296211 +/- 0.000979021
 Mesh Index (10, 1, 27)
   Total Material
     Flux                                 0.0100902 +/- 0.00536573
     (n,Xt)                               6.24653e-05 +/- 6.24653e-05
     heating-local                        337.873 +/- 337.873
     Absorption Rate                      0.000644112 +/- 0.000432467
 Mesh Index (11, 1, 27)
   Total Material
     Flux                                 0.00454844 +/- 0.00361157
     (n,Xt)                               1.36826e-05 +/- 1.36826e-05
     heating-local                        80.4093 +/- 80.4093
     Absorption Rate                      7.55688e-05 +/- 5.88376e-05
 Mesh Index (12, 1, 27)
   Total Material
     Flux                                 0.00139107 +/- 0.00107149
     (n,Xt)                               1.16611e-12 +/- 1.16611e-12
     heating-local                        9.13585 +/- 9.13585
     Absorption Rate                      1.54651e-06 +/- 1.19321e-06
 Mesh Index (13, 1, 27)
   Total Material
     Flux                                 0 +/- 0
     (n,Xt)                               0 +/- 0
     heating-local                        0 +/- 0
     Absorption Rate                      0 +/- 0
 Mesh Index (14, 1, 27)
   Total Material
     Flux                                 0 +/- 0
     (n,Xt)                               0 +/- 0
     heating-local                        0 +/- 0
     Absorption Rate                      0 +/- 0
 Mesh Index (15, 1, 27)
   Total Material
     Flux                                 0 +/- 0
     (n,Xt)                               0 +/- 0
     heating-local                        0 +/- 0
     Absorption Rate                      0 +/- 0
 Mesh Index (16, 1, 27)
   Total Material
     Flux                                 0 +/- 0
     (n,Xt)                               0 +/- 0
     heating-local                        0 +/- 0
     Absorption Rate                      0 +/- 0
 Mesh Index (17, 1, 27)
   Total Material
     Flux                                 0 +/- 0
     (n,Xt)                               0 +/- 0
     heating-local                        0 +/- 0
     Absorption Rate                      0 +/- 0
 Mesh Index (18, 1, 27)
   Total Material
     Flux                                 0 +/- 0
     (n,Xt)                               0 +/- 0
     heating-local                        0 +/- 0
     Absorption Rate                      0 +/- 0
 Mesh Index (19, 1, 27)
   Total Material
     Flux                                 0 +/- 0
     (n,Xt)                               0 +/- 0
     heating-local                        0 +/- 0
     Absorption Rate                      0 +/- 0
 Mesh Index (20, 1, 27)
   Total Material
     Flux                                 0 +/- 0
     (n,Xt)                               0 +/- 0
     heating-local                        0 +/- 0
     Absorption Rate                      0 +/- 0
 Mesh Index (21, 1, 27)
   Total Material
     Flux                                 0 +/- 0
     (n,Xt)                               0 +/- 0
     heating-local                        0 +/- 0
     Absorption Rate                      0 +/- 0
 Mesh Index (22, 1, 27)
   Total Material
     Flux                                 0 +/- 0
     (n,Xt)                               0 +/- 0
     heating-local                        0 +/- 0
     Absorption Rate                      0 +/- 0
 Mesh Index (23, 1, 27)
   Total Material
     Flux                                 0 +/- 0
     (n,Xt)                               0 +/- 0
     heating-local                        0 +/- 0
     Absorption Rate                      0 +/- 0
 Mesh Index (24, 1, 27)
   Total Material
     Flux                                 0 +/- 0
     (n,Xt)                               0 +/- 0
     heating-local                        0 +/- 0
     Absorption Rate                      0 +/- 0
 Mesh Index (1, 1, 28)
   Total Material
     Flux                                 0.016994 +/- 0.00601312
     (n,Xt)                               0 +/- 0
     heating-local                        0 +/- 0
     Absorption Rate                      0.000183126 +/- 0.000100764
 Mesh Index (2, 1, 28)
   Total Material
     Flux                                 0.0466003 +/- 0.0110678
     (n,Xt)                               0 +/- 0
     heating-local                        0 +/- 0
     Absorption Rate                      0.0013847 +/- 0.000700173
 Mesh Index (3, 1, 28)
   Total Material
     Flux                                 0.0848764 +/- 0.0109728
     (n,Xt)                               0 +/- 0
     heating-local                        0 +/- 0
     Absorption Rate                      0.000536561 +/- 0.000300146
 Mesh Index (4, 1, 28)
   Total Material
     Flux                                 0.0725976 +/- 0.014215
     (n,Xt)                               0 +/- 0
     heating-local                        0 +/- 0
     Absorption Rate                      0.000623073 +/- 0.000472933
 Mesh Index (5, 1, 28)
   Total Material
     Flux                                 0.117153 +/- 0.0161364
     (n,Xt)                               0 +/- 0
     heating-local                        0 +/- 0
     Absorption Rate                      0.010152 +/- 0.00600158
 Mesh Index (6, 1, 28)
   Total Material
     Flux                                 0.13916 +/- 0.0158044
     (n,Xt)                               0 +/- 0
     heating-local                        0 +/- 0
     Absorption Rate                      0.00805374 +/- 0.00311338
 Mesh Index (7, 1, 28)
   Total Material
     Flux                                 0.171356 +/- 0.0226749
     (n,Xt)                               0 +/- 0
     heating-local                        0 +/- 0
     Absorption Rate                      0.00196985 +/- 0.000889395
 Mesh Index (8, 1, 28)
   Total Material
     Flux                                 0.201856 +/- 0.0277267
     (n,Xt)                               0.00105504 +/- 0.000291106
     heating-local                        17309.3 +/- 3193.66
     Absorption Rate                      0.0042088 +/- 0.000492691
 Mesh Index (9, 1, 28)
   Total Material
     Flux                                 0.056675 +/- 0.0169081
     (n,Xt)                               0.000327028 +/- 0.000101344
     heating-local                        3915.58 +/- 974.949
     Absorption Rate                      0.000897904 +/- 0.000392077
 Mesh Index (10, 1, 28)
   Total Material
     Flux                                 0.0129563 +/- 0.00636974
     (n,Xt)                               3.68221e-05 +/- 2.75751e-05
     heating-local                        258.839 +/- 151.586
     Absorption Rate                      0.000134892 +/- 6.16169e-05
 Mesh Index (11, 1, 28)
   Total Material
     Flux                                 0 +/- 0
     (n,Xt)                               0 +/- 0
     heating-local                        0 +/- 0
     Absorption Rate                      0 +/- 0
 Mesh Index (12, 1, 28)
   Total Material
     Flux                                 0 +/- 0
     (n,Xt)                               0 +/- 0
     heating-local                        0 +/- 0
     Absorption Rate                      0 +/- 0
 Mesh Index (13, 1, 28)
   Total Material
     Flux                                 0 +/- 0
     (n,Xt)                               0 +/- 0
     heating-local                        0 +/- 0
     Absorption Rate                      0 +/- 0
 Mesh Index (14, 1, 28)
   Total Material
     Flux                                 0 +/- 0
     (n,Xt)                               0 +/- 0
     heating-local                        0 +/- 0
     Absorption Rate                      0 +/- 0
 Mesh Index (15, 1, 28)
   Total Material
     Flux                                 0 +/- 0
     (n,Xt)                               0 +/- 0
     heating-local                        0 +/- 0
     Absorption Rate                      0 +/- 0
 Mesh Index (16, 1, 28)
   Total Material
     Flux                                 0 +/- 0
     (n,Xt)                               0 +/- 0
     heating-local                        0 +/- 0
     Absorption Rate                      0 +/- 0
 Mesh Index (17, 1, 28)
   Total Material
     Flux                                 0 +/- 0
     (n,Xt)                               0 +/- 0
     heating-local                        0 +/- 0
     Absorption Rate                      0 +/- 0
 Mesh Index (18, 1, 28)
   Total Material
     Flux                                 0 +/- 0
     (n,Xt)                               0 +/- 0
     heating-local                        0 +/- 0
     Absorption Rate                      0 +/- 0
 Mesh Index (19, 1, 28)
   Total Material
     Flux                                 0 +/- 0
     (n,Xt)                               0 +/- 0
     heating-local                        0 +/- 0
     Absorption Rate                      0 +/- 0
 Mesh Index (20, 1, 28)
   Total Material
     Flux                                 0 +/- 0
     (n,Xt)                               0 +/- 0
     heating-local                        0 +/- 0
     Absorption Rate                      0 +/- 0
 Mesh Index (21, 1, 28)
   Total Material
     Flux                                 0 +/- 0
     (n,Xt)                               0 +/- 0
     heating-local                        0 +/- 0
     Absorption Rate                      0 +/- 0
 Mesh Index (22, 1, 28)
   Total Material
     Flux                                 0 +/- 0
     (n,Xt)                               0 +/- 0
     heating-local                        0 +/- 0
     Absorption Rate                      0 +/- 0
 Mesh Index (23, 1, 28)
   Total Material
     Flux                                 0 +/- 0
     (n,Xt)                               0 +/- 0
     heating-local                        0 +/- 0
     Absorption Rate                      0 +/- 0
 Mesh Index (24, 1, 28)
   Total Material
     Flux                                 0 +/- 0
     (n,Xt)                               0 +/- 0
     heating-local                        0 +/- 0
     Absorption Rate                      0 +/- 0
 Mesh Index (1, 1, 29)
   Total Material
     Flux                                 0.0105515 +/- 0.00315048
     (n,Xt)                               0 +/- 0
     heating-local                        0 +/- 0
     Absorption Rate                      0.000211315 +/- 0.000133505
 Mesh Index (2, 1, 29)
   Total Material
     Flux                                 0.038288 +/- 0.00849474
     (n,Xt)                               0 +/- 0
     heating-local                        0 +/- 0
     Absorption Rate                      0.000334302 +/- 0.000126676
 Mesh Index (3, 1, 29)
   Total Material
     Flux                                 0.0568057 +/- 0.00755521
     (n,Xt)                               0 +/- 0
     heating-local                        0 +/- 0
     Absorption Rate                      0.00446273 +/- 0.00215714
 Mesh Index (4, 1, 29)
   Total Material
     Flux                                 0.0843854 +/- 0.0111706
     (n,Xt)                               0 +/- 0
     heating-local                        0 +/- 0
     Absorption Rate                      0.00433841 +/- 0.0031268
 Mesh Index (5, 1, 29)
   Total Material
     Flux                                 0.0732859 +/- 0.0110099
     (n,Xt)                               0 +/- 0
     heating-local                        0 +/- 0
     Absorption Rate                      0.00228983 +/- 0.00123466
 Mesh Index (6, 1, 29)
   Total Material
     Flux                                 0.123546 +/- 0.0195688
     (n,Xt)                               0 +/- 0
     heating-local                        0 +/- 0
     Absorption Rate                      0.00428658 +/- 0.00170139
 Mesh Index (7, 1, 29)
   Total Material
     Flux                                 0.13383 +/- 0.0181859
     (n,Xt)                               0 +/- 0
     heating-local                        0 +/- 0
     Absorption Rate                      0.00186579 +/- 0.000878403
 Mesh Index (8, 1, 29)
   Total Material
     Flux                                 0.182364 +/- 0.0326831
     (n,Xt)                               0.00123505 +/- 0.000435165
     heating-local                        15148.8 +/- 3774.21
     Absorption Rate                      0.00553026 +/- 0.00138423
 Mesh Index (9, 1, 29)
   Total Material
     Flux                                 0.105079 +/- 0.0365377
     (n,Xt)                               0.000714111 +/- 0.00031701
     heating-local                        8018.17 +/- 2699.81
     Absorption Rate                      0.00210591 +/- 0.000748274
 Mesh Index (10, 1, 29)
   Total Material
     Flux                                 0.0412754 +/- 0.020621
     (n,Xt)                               0.000208245 +/- 0.000143516
     heating-local                        2013.58 +/- 1190.51
     Absorption Rate                      0.000787123 +/- 0.000393508
 Mesh Index (11, 1, 29)
   Total Material
     Flux                                 0.00260187 +/- 0.00260187
     (n,Xt)                               0 +/- 0
     heating-local                        0 +/- 0
     Absorption Rate                      7.97353e-05 +/- 7.97353e-05
 Mesh Index (12, 1, 29)
   Total Material
     Flux                                 0 +/- 0
     (n,Xt)                               0 +/- 0
     heating-local                        0 +/- 0
     Absorption Rate                      0 +/- 0
 Mesh Index (13, 1, 29)
   Total Material
     Flux                                 0 +/- 0
     (n,Xt)                               0 +/- 0
     heating-local                        0 +/- 0
     Absorption Rate                      0 +/- 0
 Mesh Index (14, 1, 29)
   Total Material
     Flux                                 0 +/- 0
     (n,Xt)                               0 +/- 0
     heating-local                        0 +/- 0
     Absorption Rate                      0 +/- 0
 Mesh Index (15, 1, 29)
   Total Material
     Flux                                 0 +/- 0
     (n,Xt)                               0 +/- 0
     heating-local                        0 +/- 0
     Absorption Rate                      0 +/- 0
 Mesh Index (16, 1, 29)
   Total Material
     Flux                                 0 +/- 0
     (n,Xt)                               0 +/- 0
     heating-local                        0 +/- 0
     Absorption Rate                      0 +/- 0
 Mesh Index (17, 1, 29)
   Total Material
     Flux                                 0 +/- 0
     (n,Xt)                               0 +/- 0
     heating-local                        0 +/- 0
     Absorption Rate                      0 +/- 0
 Mesh Index (18, 1, 29)
   Total Material
     Flux                                 0 +/- 0
     (n,Xt)                               0 +/- 0
     heating-local                        0 +/- 0
     Absorption Rate                      0 +/- 0
 Mesh Index (19, 1, 29)
   Total Material
     Flux                                 0 +/- 0
     (n,Xt)                               0 +/- 0
     heating-local                        0 +/- 0
     Absorption Rate                      0 +/- 0
 Mesh Index (20, 1, 29)
   Total Material
     Flux                                 0 +/- 0
     (n,Xt)                               0 +/- 0
     heating-local                        0 +/- 0
     Absorption Rate                      0 +/- 0
 Mesh Index (21, 1, 29)
   Total Material
     Flux                                 0 +/- 0
     (n,Xt)                               0 +/- 0
     heating-local                        0 +/- 0
     Absorption Rate                      0 +/- 0
 Mesh Index (22, 1, 29)
   Total Material
     Flux                                 0 +/- 0
     (n,Xt)                               0 +/- 0
     heating-local                        0 +/- 0
     Absorption Rate                      0 +/- 0
 Mesh Index (23, 1, 29)
   Total Material
     Flux                                 0 +/- 0
     (n,Xt)                               0 +/- 0
     heating-local                        0 +/- 0
     Absorption Rate                      0 +/- 0
 Mesh Index (24, 1, 29)
   Total Material
     Flux                                 0 +/- 0
     (n,Xt)                               0 +/- 0
     heating-local                        0 +/- 0
     Absorption Rate                      0 +/- 0
 Mesh Index (1, 1, 30)
   Total Material
     Flux                                 0.00839537 +/- 0.00430375
     (n,Xt)                               0 +/- 0
     heating-local                        0 +/- 0
     Absorption Rate                      0.000131284 +/- 7.50476e-05
 Mesh Index (2, 1, 30)
   Total Material
     Flux                                 0.0211758 +/- 0.00476122
     (n,Xt)                               0 +/- 0
     heating-local                        0 +/- 0
     Absorption Rate                      7.35225e-05 +/- 7.12312e-05
 Mesh Index (3, 1, 30)
   Total Material
     Flux                                 0.0417505 +/- 0.00938659
     (n,Xt)                               0 +/- 0
     heating-local                        0 +/- 0
     Absorption Rate                      0.00239372 +/- 0.00146356
 Mesh Index (4, 1, 30)
   Total Material
     Flux                                 0.0815381 +/- 0.0126393
     (n,Xt)                               0 +/- 0
     heating-local                        0 +/- 0
     Absorption Rate                      0.00272414 +/- 0.00200501
 Mesh Index (5, 1, 30)
   Total Material
     Flux                                 0.0791887 +/- 0.0133302
     (n,Xt)                               0 +/- 0
     heating-local                        0 +/- 0
     Absorption Rate                      0.00274004 +/- 0.00195249
 Mesh Index (6, 1, 30)
   Total Material
     Flux                                 0.122392 +/- 0.0128036
     (n,Xt)                               0 +/- 0
     heating-local                        0 +/- 0
     Absorption Rate                      0.00727697 +/- 0.00479933
 Mesh Index (7, 1, 30)
   Total Material
     Flux                                 0.131023 +/- 0.0175404
     (n,Xt)                               0 +/- 0
     heating-local                        0 +/- 0
     Absorption Rate                      0.00755703 +/- 0.00380589
 Mesh Index (8, 1, 30)
   Total Material
     Flux                                 0.110465 +/- 0.0190325
     (n,Xt)                               0.000181455 +/- 7.69999e-05
     heating-local                        6460.64 +/- 1478.14
     Absorption Rate                      0.00442692 +/- 0.00150518
 Mesh Index (9, 1, 30)
   Total Material
     Flux                                 0.0714751 +/- 0.025596
     (n,Xt)                               0.000290685 +/- 0.00013334
     heating-local                        3567.91 +/- 1729.39
     Absorption Rate                      0.00178289 +/- 0.000578112
 Mesh Index (10, 1, 30)
   Total Material
     Flux                                 0.0148313 +/- 0.00657736
     (n,Xt)                               0 +/- 0
     heating-local                        0 +/- 0
     Absorption Rate                      0.000442058 +/- 0.000206433
 Mesh Index (11, 1, 30)
   Total Material
     Flux                                 8.3594e-06 +/- 8.3594e-06
     (n,Xt)                               0 +/- 0
     heating-local                        0 +/- 0
     Absorption Rate                      1.2199e-08 +/- 1.2199e-08
 Mesh Index (12, 1, 30)
   Total Material
     Flux                                 0 +/- 0
     (n,Xt)                               0 +/- 0
     heating-local                        0 +/- 0
     Absorption Rate                      0 +/- 0
 Mesh Index (13, 1, 30)
   Total Material
     Flux                                 0 +/- 0
     (n,Xt)                               0 +/- 0
     heating-local                        0 +/- 0
     Absorption Rate                      0 +/- 0
 Mesh Index (14, 1, 30)
   Total Material
     Flux                                 0 +/- 0
     (n,Xt)                               0 +/- 0
     heating-local                        0 +/- 0
     Absorption Rate                      0 +/- 0
 Mesh Index (15, 1, 30)
   Total Material
     Flux                                 0 +/- 0
     (n,Xt)                               0 +/- 0
     heating-local                        0 +/- 0
     Absorption Rate                      0 +/- 0
 Mesh Index (16, 1, 30)
   Total Material
     Flux                                 0 +/- 0
     (n,Xt)                               0 +/- 0
     heating-local                        0 +/- 0
     Absorption Rate                      0 +/- 0
 Mesh Index (17, 1, 30)
   Total Material
     Flux                                 0 +/- 0
     (n,Xt)                               0 +/- 0
     heating-local                        0 +/- 0
     Absorption Rate                      0 +/- 0
 Mesh Index (18, 1, 30)
   Total Material
     Flux                                 0 +/- 0
     (n,Xt)                               0 +/- 0
     heating-local                        0 +/- 0
     Absorption Rate                      0 +/- 0
 Mesh Index (19, 1, 30)
   Total Material
     Flux                                 0 +/- 0
     (n,Xt)                               0 +/- 0
     heating-local                        0 +/- 0
     Absorption Rate                      0 +/- 0
 Mesh Index (20, 1, 30)
   Total Material
     Flux                                 0 +/- 0
     (n,Xt)                               0 +/- 0
     heating-local                        0 +/- 0
     Absorption Rate                      0 +/- 0
 Mesh Index (21, 1, 30)
   Total Material
     Flux                                 0 +/- 0
     (n,Xt)                               0 +/- 0
     heating-local                        0 +/- 0
     Absorption Rate                      0 +/- 0
 Mesh Index (22, 1, 30)
   Total Material
     Flux                                 0 +/- 0
     (n,Xt)                               0 +/- 0
     heating-local                        0 +/- 0
     Absorption Rate                      0 +/- 0
 Mesh Index (23, 1, 30)
   Total Material
     Flux                                 0 +/- 0
     (n,Xt)                               0 +/- 0
     heating-local                        0 +/- 0
     Absorption Rate                      0 +/- 0
 Mesh Index (24, 1, 30)
   Total Material
     Flux                                 0 +/- 0
     (n,Xt)                               0 +/- 0
     heating-local                        0 +/- 0
     Absorption Rate                      0 +/- 0
 Mesh Index (1, 1, 31)
   Total Material
     Flux                                 0.00846509 +/- 0.00362437
     (n,Xt)                               0 +/- 0
     heating-local                        0 +/- 0
     Absorption Rate                      3.36672e-05 +/- 1.63363e-05
 Mesh Index (2, 1, 31)
   Total Material
     Flux                                 0.0321407 +/- 0.00518184
     (n,Xt)                               0 +/- 0
     heating-local                        0 +/- 0
     Absorption Rate                      0.000144142 +/- 5.44821e-05
 Mesh Index (3, 1, 31)
   Total Material
     Flux                                 0.0488714 +/- 0.0117523
     (n,Xt)                               0 +/- 0
     heating-local                        0 +/- 0
     Absorption Rate                      0.00100996 +/- 0.000491783
 Mesh Index (4, 1, 31)
   Total Material
     Flux                                 0.0447501 +/- 0.0108043
     (n,Xt)                               0 +/- 0
     heating-local                        0 +/- 0
     Absorption Rate                      0.000345455 +/- 0.000171941
 Mesh Index (5, 1, 31)
   Total Material
     Flux                                 0.0760273 +/- 0.00956231
     (n,Xt)                               0 +/- 0
     heating-local                        0 +/- 0
     Absorption Rate                      0.000987078 +/- 0.000650861
 Mesh Index (6, 1, 31)
   Total Material
     Flux                                 0.106374 +/- 0.0216869
     (n,Xt)                               0 +/- 0
     heating-local                        0 +/- 0
     Absorption Rate                      0.00345597 +/- 0.00244253
 Mesh Index (7, 1, 31)
   Total Material
     Flux                                 0.0957257 +/- 0.0198208
     (n,Xt)                               0 +/- 0
     heating-local                        0 +/- 0
     Absorption Rate                      0.00219562 +/- 0.00103698
 Mesh Index (8, 1, 31)
   Total Material
     Flux                                 0.137336 +/- 0.0255972
     (n,Xt)                               0.000196369 +/- 7.762e-05
     heating-local                        10706.8 +/- 3382.61
     Absorption Rate                      0.00451207 +/- 0.00128913
 Mesh Index (9, 1, 31)
   Total Material
     Flux                                 0.11775 +/- 0.0376968
     (n,Xt)                               0.000467253 +/- 0.000208059
     heating-local                        7083.41 +/- 2915.53
     Absorption Rate                      0.00204467 +/- 0.000844881
 Mesh Index (10, 1, 31)
   Total Material
     Flux                                 0.0392722 +/- 0.0208342
     (n,Xt)                               0.000202717 +/- 0.000135389
     heating-local                        1612.73 +/- 1076.65
     Absorption Rate                      0.00101612 +/- 0.00053177
 Mesh Index (11, 1, 31)
   Total Material
     Flux                                 0 +/- 0
     (n,Xt)                               0 +/- 0
     heating-local                        0 +/- 0
     Absorption Rate                      0 +/- 0
 Mesh Index (12, 1, 31)
   Total Material
     Flux                                 0 +/- 0
     (n,Xt)                               0 +/- 0
     heating-local                        0 +/- 0
     Absorption Rate                      0 +/- 0
 Mesh Index (13, 1, 31)
   Total Material
     Flux                                 0 +/- 0
     (n,Xt)                               0 +/- 0
     heating-local                        0 +/- 0
     Absorption Rate                      0 +/- 0
 Mesh Index (14, 1, 31)
   Total Material
     Flux                                 0 +/- 0
     (n,Xt)                               0 +/- 0
     heating-local                        0 +/- 0
     Absorption Rate                      0 +/- 0
 Mesh Index (15, 1, 31)
   Total Material
     Flux                                 0 +/- 0
     (n,Xt)                               0 +/- 0
     heating-local                        0 +/- 0
     Absorption Rate                      0 +/- 0
 Mesh Index (16, 1, 31)
   Total Material
     Flux                                 0 +/- 0
     (n,Xt)                               0 +/- 0
     heating-local                        0 +/- 0
     Absorption Rate                      0 +/- 0
 Mesh Index (17, 1, 31)
   Total Material
     Flux                                 0 +/- 0
     (n,Xt)                               0 +/- 0
     heating-local                        0 +/- 0
     Absorption Rate                      0 +/- 0
 Mesh Index (18, 1, 31)
   Total Material
     Flux                                 0 +/- 0
     (n,Xt)                               0 +/- 0
     heating-local                        0 +/- 0
     Absorption Rate                      0 +/- 0
 Mesh Index (19, 1, 31)
   Total Material
     Flux                                 0 +/- 0
     (n,Xt)                               0 +/- 0
     heating-local                        0 +/- 0
     Absorption Rate                      0 +/- 0
 Mesh Index (20, 1, 31)
   Total Material
     Flux                                 0 +/- 0
     (n,Xt)                               0 +/- 0
     heating-local                        0 +/- 0
     Absorption Rate                      0 +/- 0
 Mesh Index (21, 1, 31)
   Total Material
     Flux                                 0 +/- 0
     (n,Xt)                               0 +/- 0
     heating-local                        0 +/- 0
     Absorption Rate                      0 +/- 0
 Mesh Index (22, 1, 31)
   Total Material
     Flux                                 0 +/- 0
     (n,Xt)                               0 +/- 0
     heating-local                        0 +/- 0
     Absorption Rate                      0 +/- 0
 Mesh Index (23, 1, 31)
   Total Material
     Flux                                 0 +/- 0
     (n,Xt)                               0 +/- 0
     heating-local                        0 +/- 0
     Absorption Rate                      0 +/- 0
 Mesh Index (24, 1, 31)
   Total Material
     Flux                                 0 +/- 0
     (n,Xt)                               0 +/- 0
     heating-local                        0 +/- 0
     Absorption Rate                      0 +/- 0
 Mesh Index (1, 1, 32)
   Total Material
     Flux                                 0.00892189 +/- 0.00526959
     (n,Xt)                               0 +/- 0
     heating-local                        0 +/- 0
     Absorption Rate                      0.00018034 +/- 9.99794e-05
 Mesh Index (2, 1, 32)
   Total Material
     Flux                                 0.0254911 +/- 0.00451068
     (n,Xt)                               0 +/- 0
     heating-local                        0 +/- 0
     Absorption Rate                      0.00104628 +/- 0.000979334
 Mesh Index (3, 1, 32)
   Total Material
     Flux                                 0.0335919 +/- 0.00876008
     (n,Xt)                               0 +/- 0
     heating-local                        0 +/- 0
     Absorption Rate                      0.00123297 +/- 0.00119281
 Mesh Index (4, 1, 32)
   Total Material
     Flux                                 0.042817 +/- 0.00951562
     (n,Xt)                               0 +/- 0
     heating-local                        0 +/- 0
     Absorption Rate                      0.000652058 +/- 0.000560277
 Mesh Index (5, 1, 32)
   Total Material
     Flux                                 0.0733165 +/- 0.011196
     (n,Xt)                               0 +/- 0
     heating-local                        0 +/- 0
     Absorption Rate                      0.000574333 +/- 0.000305434
 Mesh Index (6, 1, 32)
   Total Material
     Flux                                 0.0628178 +/- 0.0132746
     (n,Xt)                               0 +/- 0
     heating-local                        0 +/- 0
     Absorption Rate                      0.00139224 +/- 0.000593507
 Mesh Index (7, 1, 32)
   Total Material
     Flux                                 0.0600181 +/- 0.0110839
     (n,Xt)                               0 +/- 0
     heating-local                        0 +/- 0
     Absorption Rate                      0.00159328 +/- 0.000817636
 Mesh Index (8, 1, 32)
   Total Material
     Flux                                 0.0963294 +/- 0.0256596
     (n,Xt)                               0.000346314 +/- 0.000181597
     heating-local                        3442.87 +/- 1440.6
     Absorption Rate                      0.00190316 +/- 0.000629349
 Mesh Index (9, 1, 32)
   Total Material
     Flux                                 0.073085 +/- 0.0236378
     (n,Xt)                               0.000551441 +/- 0.000180819
     heating-local                        4345.29 +/- 1127.55
     Absorption Rate                      0.00180251 +/- 0.000737222
 Mesh Index (10, 1, 32)
   Total Material
     Flux                                 0.00423646 +/- 0.00405558
     (n,Xt)                               3.76503e-07 +/- 3.76503e-07
     heating-local                        3.42728 +/- 3.42728
     Absorption Rate                      0.000178413 +/- 0.000131319
 Mesh Index (11, 1, 32)
   Total Material
     Flux                                 0 +/- 0
     (n,Xt)                               0 +/- 0
     heating-local                        0 +/- 0
     Absorption Rate                      0 +/- 0
 Mesh Index (12, 1, 32)
   Total Material
     Flux                                 0 +/- 0
     (n,Xt)                               0 +/- 0
     heating-local                        0 +/- 0
     Absorption Rate                      0 +/- 0
 Mesh Index (13, 1, 32)
   Total Material
     Flux                                 0 +/- 0
     (n,Xt)                               0 +/- 0
     heating-local                        0 +/- 0
     Absorption Rate                      0 +/- 0
 Mesh Index (14, 1, 32)
   Total Material
     Flux                                 0 +/- 0
     (n,Xt)                               0 +/- 0
     heating-local                        0 +/- 0
     Absorption Rate                      0 +/- 0
 Mesh Index (15, 1, 32)
   Total Material
     Flux                                 0 +/- 0
     (n,Xt)                               0 +/- 0
     heating-local                        0 +/- 0
     Absorption Rate                      0 +/- 0
 Mesh Index (16, 1, 32)
   Total Material
     Flux                                 0 +/- 0
     (n,Xt)                               0 +/- 0
     heating-local                        0 +/- 0
     Absorption Rate                      0 +/- 0
 Mesh Index (17, 1, 32)
   Total Material
     Flux                                 0 +/- 0
     (n,Xt)                               0 +/- 0
     heating-local                        0 +/- 0
     Absorption Rate                      0 +/- 0
 Mesh Index (18, 1, 32)
   Total Material
     Flux                                 0 +/- 0
     (n,Xt)                               0 +/- 0
     heating-local                        0 +/- 0
     Absorption Rate                      0 +/- 0
 Mesh Index (19, 1, 32)
   Total Material
     Flux                                 0 +/- 0
     (n,Xt)                               0 +/- 0
     heating-local                        0 +/- 0
     Absorption Rate                      0 +/- 0
 Mesh Index (20, 1, 32)
   Total Material
     Flux                                 0 +/- 0
     (n,Xt)                               0 +/- 0
     heating-local                        0 +/- 0
     Absorption Rate                      0 +/- 0
 Mesh Index (21, 1, 32)
   Total Material
     Flux                                 0 +/- 0
     (n,Xt)                               0 +/- 0
     heating-local                        0 +/- 0
     Absorption Rate                      0 +/- 0
 Mesh Index (22, 1, 32)
   Total Material
     Flux                                 0 +/- 0
     (n,Xt)                               0 +/- 0
     heating-local                        0 +/- 0
     Absorption Rate                      0 +/- 0
 Mesh Index (23, 1, 32)
   Total Material
     Flux                                 0 +/- 0
     (n,Xt)                               0 +/- 0
     heating-local                        0 +/- 0
     Absorption Rate                      0 +/- 0
 Mesh Index (24, 1, 32)
   Total Material
     Flux                                 0 +/- 0
     (n,Xt)                               0 +/- 0
     heating-local                        0 +/- 0
     Absorption Rate                      0 +/- 0
 Mesh Index (1, 1, 33)
   Total Material
     Flux                                 0.00582117 +/- 0.0042215
     (n,Xt)                               0 +/- 0
     heating-local                        0 +/- 0
     Absorption Rate                      2.28682e-05 +/- 2.24992e-05
 Mesh Index (2, 1, 33)
   Total Material
     Flux                                 0.0155073 +/- 0.00545956
     (n,Xt)                               0 +/- 0
     heating-local                        0 +/- 0
     Absorption Rate                      0.000234951 +/- 0.000211499
 Mesh Index (3, 1, 33)
   Total Material
     Flux                                 0.0324987 +/- 0.00636977
     (n,Xt)                               0 +/- 0
     heating-local                        0 +/- 0
     Absorption Rate                      0.000596814 +/- 0.000231096
 Mesh Index (4, 1, 33)
   Total Material
     Flux                                 0.0385005 +/- 0.0077111
     (n,Xt)                               0 +/- 0
     heating-local                        0 +/- 0
     Absorption Rate                      0.000108029 +/- 6.56707e-05
 Mesh Index (5, 1, 33)
   Total Material
     Flux                                 0.0657628 +/- 0.00774202
     (n,Xt)                               0 +/- 0
     heating-local                        0 +/- 0
     Absorption Rate                      0.00130312 +/- 0.000470583
 Mesh Index (6, 1, 33)
   Total Material
     Flux                                 0.0798602 +/- 0.0094601
     (n,Xt)                               0 +/- 0
     heating-local                        0 +/- 0
     Absorption Rate                      0.00275267 +/- 0.00104854
 Mesh Index (7, 1, 33)
   Total Material
     Flux                                 0.0678327 +/- 0.0113825
     (n,Xt)                               0 +/- 0
     heating-local                        0 +/- 0
     Absorption Rate                      0.00189306 +/- 0.000914906
 Mesh Index (8, 1, 33)
   Total Material
     Flux                                 0.0961661 +/- 0.0262085
     (n,Xt)                               3.15618e-06 +/- 1.70142e-06
     heating-local                        1318.33 +/- 687.149
     Absorption Rate                      0.00357624 +/- 0.00154888
 Mesh Index (9, 1, 33)
   Total Material
     Flux                                 0.0606496 +/- 0.030677
     (n,Xt)                               0.000763604 +/- 0.000592636
     heating-local                        5011.89 +/- 3318.26
     Absorption Rate                      0.00169774 +/- 0.000669152
 Mesh Index (10, 1, 33)
   Total Material
     Flux                                 0.0109117 +/- 0.00924293
     (n,Xt)                               7.88636e-06 +/- 5.4811e-06
     heating-local                        61.3152 +/- 42.0707
     Absorption Rate                      0.000440846 +/- 0.000415622
 Mesh Index (11, 1, 33)
   Total Material
     Flux                                 0 +/- 0
     (n,Xt)                               0 +/- 0
     heating-local                        0 +/- 0
     Absorption Rate                      0 +/- 0
 Mesh Index (12, 1, 33)
   Total Material
     Flux                                 0 +/- 0
     (n,Xt)                               0 +/- 0
     heating-local                        0 +/- 0
     Absorption Rate                      0 +/- 0
 Mesh Index (13, 1, 33)
   Total Material
     Flux                                 0 +/- 0
     (n,Xt)                               0 +/- 0
     heating-local                        0 +/- 0
     Absorption Rate                      0 +/- 0
 Mesh Index (14, 1, 33)
   Total Material
     Flux                                 0 +/- 0
     (n,Xt)                               0 +/- 0
     heating-local                        0 +/- 0
     Absorption Rate                      0 +/- 0
 Mesh Index (15, 1, 33)
   Total Material
     Flux                                 0 +/- 0
     (n,Xt)                               0 +/- 0
     heating-local                        0 +/- 0
     Absorption Rate                      0 +/- 0
 Mesh Index (16, 1, 33)
   Total Material
     Flux                                 0 +/- 0
     (n,Xt)                               0 +/- 0
     heating-local                        0 +/- 0
     Absorption Rate                      0 +/- 0
 Mesh Index (17, 1, 33)
   Total Material
     Flux                                 0 +/- 0
     (n,Xt)                               0 +/- 0
     heating-local                        0 +/- 0
     Absorption Rate                      0 +/- 0
 Mesh Index (18, 1, 33)
   Total Material
     Flux                                 0 +/- 0
     (n,Xt)                               0 +/- 0
     heating-local                        0 +/- 0
     Absorption Rate                      0 +/- 0
 Mesh Index (19, 1, 33)
   Total Material
     Flux                                 0 +/- 0
     (n,Xt)                               0 +/- 0
     heating-local                        0 +/- 0
     Absorption Rate                      0 +/- 0
 Mesh Index (20, 1, 33)
   Total Material
     Flux                                 0 +/- 0
     (n,Xt)                               0 +/- 0
     heating-local                        0 +/- 0
     Absorption Rate                      0 +/- 0
 Mesh Index (21, 1, 33)
   Total Material
     Flux                                 0 +/- 0
     (n,Xt)                               0 +/- 0
     heating-local                        0 +/- 0
     Absorption Rate                      0 +/- 0
 Mesh Index (22, 1, 33)
   Total Material
     Flux                                 0 +/- 0
     (n,Xt)                               0 +/- 0
     heating-local                        0 +/- 0
     Absorption Rate                      0 +/- 0
 Mesh Index (23, 1, 33)
   Total Material
     Flux                                 0 +/- 0
     (n,Xt)                               0 +/- 0
     heating-local                        0 +/- 0
     Absorption Rate                      0 +/- 0
 Mesh Index (24, 1, 33)
   Total Material
     Flux                                 0 +/- 0
     (n,Xt)                               0 +/- 0
     heating-local                        0 +/- 0
     Absorption Rate                      0 +/- 0
 Mesh Index (1, 1, 34)
   Total Material
     Flux                                 0.00327783 +/- 0.00117632
     (n,Xt)                               0 +/- 0
     heating-local                        0 +/- 0
     Absorption Rate                      5.08577e-06 +/- 4.81443e-06
 Mesh Index (2, 1, 34)
   Total Material
     Flux                                 0.012111 +/- 0.00349915
     (n,Xt)                               0 +/- 0
     heating-local                        0 +/- 0
     Absorption Rate                      0.000262571 +/- 0.000225411
 Mesh Index (3, 1, 34)
   Total Material
     Flux                                 0.0322001 +/- 0.00888112
     (n,Xt)                               0 +/- 0
     heating-local                        0 +/- 0
     Absorption Rate                      0.000279645 +/- 0.000126033
 Mesh Index (4, 1, 34)
   Total Material
     Flux                                 0.0201399 +/- 0.00513319
     (n,Xt)                               0 +/- 0
     heating-local                        0 +/- 0
     Absorption Rate                      0.000190273 +/- 0.000119901
 Mesh Index (5, 1, 34)
   Total Material
     Flux                                 0.0377956 +/- 0.00793489
     (n,Xt)                               0 +/- 0
     heating-local                        0 +/- 0
     Absorption Rate                      0.000505877 +/- 0.000405162
 Mesh Index (6, 1, 34)
   Total Material
     Flux                                 0.0712195 +/- 0.0135756
     (n,Xt)                               0 +/- 0
     heating-local                        0 +/- 0
     Absorption Rate                      0.000931055 +/- 0.000329216
 Mesh Index (7, 1, 34)
   Total Material
     Flux                                 0.046946 +/- 0.0151579
     (n,Xt)                               0 +/- 0
     heating-local                        0 +/- 0
     Absorption Rate                      0.000655843 +/- 0.000555544
 Mesh Index (8, 1, 34)
   Total Material
     Flux                                 0.069186 +/- 0.0165954
     (n,Xt)                               2.08846e-10 +/- 2.08846e-10
     heating-local                        16.3264 +/- 16.3264
     Absorption Rate                      0.00170713 +/- 0.00103005
 Mesh Index (9, 1, 34)
   Total Material
     Flux                                 0.0475199 +/- 0.0174238
     (n,Xt)                               1.43577e-05 +/- 9.81696e-06
     heating-local                        2465.81 +/- 1384.89
     Absorption Rate                      0.00221451 +/- 0.000914499
 Mesh Index (10, 1, 34)
   Total Material
     Flux                                 0.00786375 +/- 0.00337271
     (n,Xt)                               9.32846e-05 +/- 5.64461e-05
     heating-local                        486.318 +/- 298.661
     Absorption Rate                      0.000120397 +/- 5.74842e-05
 Mesh Index (11, 1, 34)
   Total Material
     Flux                                 0.0110888 +/- 0.0074378
     (n,Xt)                               2.3798e-05 +/- 2.3798e-05
     heating-local                        126.972 +/- 126.972
     Absorption Rate                      0.000272682 +/- 0.000182587
 Mesh Index (12, 1, 34)
   Total Material
     Flux                                 0.000140839 +/- 0.000121604
     (n,Xt)                               0 +/- 0
     heating-local                        0 +/- 0
     Absorption Rate                      2.00742e-05 +/- 1.78606e-05
 Mesh Index (13, 1, 34)
   Total Material
     Flux                                 0 +/- 0
     (n,Xt)                               0 +/- 0
     heating-local                        0 +/- 0
     Absorption Rate                      0 +/- 0
 Mesh Index (14, 1, 34)
   Total Material
     Flux                                 0 +/- 0
     (n,Xt)                               0 +/- 0
     heating-local                        0 +/- 0
     Absorption Rate                      0 +/- 0
 Mesh Index (15, 1, 34)
   Total Material
     Flux                                 0 +/- 0
     (n,Xt)                               0 +/- 0
     heating-local                        0 +/- 0
     Absorption Rate                      0 +/- 0
 Mesh Index (16, 1, 34)
   Total Material
     Flux                                 0 +/- 0
     (n,Xt)                               0 +/- 0
     heating-local                        0 +/- 0
     Absorption Rate                      0 +/- 0
 Mesh Index (17, 1, 34)
   Total Material
     Flux                                 0 +/- 0
     (n,Xt)                               0 +/- 0
     heating-local                        0 +/- 0
     Absorption Rate                      0 +/- 0
 Mesh Index (18, 1, 34)
   Total Material
     Flux                                 0 +/- 0
     (n,Xt)                               0 +/- 0
     heating-local                        0 +/- 0
     Absorption Rate                      0 +/- 0
 Mesh Index (19, 1, 34)
   Total Material
     Flux                                 0 +/- 0
     (n,Xt)                               0 +/- 0
     heating-local                        0 +/- 0
     Absorption Rate                      0 +/- 0
 Mesh Index (20, 1, 34)
   Total Material
     Flux                                 0 +/- 0
     (n,Xt)                               0 +/- 0
     heating-local                        0 +/- 0
     Absorption Rate                      0 +/- 0
 Mesh Index (21, 1, 34)
   Total Material
     Flux                                 0 +/- 0
     (n,Xt)                               0 +/- 0
     heating-local                        0 +/- 0
     Absorption Rate                      0 +/- 0
 Mesh Index (22, 1, 34)
   Total Material
     Flux                                 0 +/- 0
     (n,Xt)                               0 +/- 0
     heating-local                        0 +/- 0
     Absorption Rate                      0 +/- 0
 Mesh Index (23, 1, 34)
   Total Material
     Flux                                 0 +/- 0
     (n,Xt)                               0 +/- 0
     heating-local                        0 +/- 0
     Absorption Rate                      0 +/- 0
 Mesh Index (24, 1, 34)
   Total Material
     Flux                                 0 +/- 0
     (n,Xt)                               0 +/- 0
     heating-local                        0 +/- 0
     Absorption Rate                      0 +/- 0
 Mesh Index (1, 1, 35)
   Total Material
     Flux                                 0.00117707 +/- 0.000425225
     (n,Xt)                               0 +/- 0
     heating-local                        0 +/- 0
     Absorption Rate                      4.82559e-05 +/- 4.82559e-05
 Mesh Index (2, 1, 35)
   Total Material
     Flux                                 0.0133488 +/- 0.00461553
     (n,Xt)                               0 +/- 0
     heating-local                        0 +/- 0
     Absorption Rate                      2.24362e-05 +/- 1.708e-05
 Mesh Index (3, 1, 35)
   Total Material
     Flux                                 0.0182657 +/- 0.00679401
     (n,Xt)                               0 +/- 0
     heating-local                        0 +/- 0
     Absorption Rate                      0.000169051 +/- 8.64622e-05
 Mesh Index (4, 1, 35)
   Total Material
     Flux                                 0.0254312 +/- 0.00641362
     (n,Xt)                               0 +/- 0
     heating-local                        0 +/- 0
     Absorption Rate                      0.000360595 +/- 0.000214276
 Mesh Index (5, 1, 35)
   Total Material
     Flux                                 0.0288041 +/- 0.00893254
     (n,Xt)                               0 +/- 0
     heating-local                        0 +/- 0
     Absorption Rate                      0.000101652 +/- 5.91257e-05
 Mesh Index (6, 1, 35)
   Total Material
     Flux                                 0.032612 +/- 0.00838221
     (n,Xt)                               0 +/- 0
     heating-local                        0 +/- 0
     Absorption Rate                      0.000562219 +/- 0.000467934
 Mesh Index (7, 1, 35)
   Total Material
     Flux                                 0.0690233 +/- 0.013214
     (n,Xt)                               0 +/- 0
     heating-local                        0 +/- 0
     Absorption Rate                      0.00023279 +/- 0.000107901
 Mesh Index (8, 1, 35)
   Total Material
     Flux                                 0.0614107 +/- 0.0205316
     (n,Xt)                               0 +/- 0
     heating-local                        0 +/- 0
     Absorption Rate                      0.00104024 +/- 0.00063944
 Mesh Index (9, 1, 35)
   Total Material
     Flux                                 0.0622365 +/- 0.014687
     (n,Xt)                               3.61439e-05 +/- 2.03847e-05
     heating-local                        1262.96 +/- 732.887
     Absorption Rate                      0.00141386 +/- 0.000647121
 Mesh Index (10, 1, 35)
   Total Material
     Flux                                 0.0360618 +/- 0.0255884
     (n,Xt)                               0.000299721 +/- 0.000198683
     heating-local                        2223.43 +/- 1613.61
     Absorption Rate                      0.00137533 +/- 0.000979439
 Mesh Index (11, 1, 35)
   Total Material
     Flux                                 0 +/- 0
     (n,Xt)                               0 +/- 0
     heating-local                        0 +/- 0
     Absorption Rate                      0 +/- 0
 Mesh Index (12, 1, 35)
   Total Material
     Flux                                 4.40169e-05 +/- 4.40169e-05
     (n,Xt)                               0 +/- 0
     heating-local                        0 +/- 0
     Absorption Rate                      4.98095e-06 +/- 4.98095e-06
 Mesh Index (13, 1, 35)
   Total Material
     Flux                                 0 +/- 0
     (n,Xt)                               0 +/- 0
     heating-local                        0 +/- 0
     Absorption Rate                      0 +/- 0
 Mesh Index (14, 1, 35)
   Total Material
     Flux                                 0 +/- 0
     (n,Xt)                               0 +/- 0
     heating-local                        0 +/- 0
     Absorption Rate                      0 +/- 0
 Mesh Index (15, 1, 35)
   Total Material
     Flux                                 0 +/- 0
     (n,Xt)                               0 +/- 0
     heating-local                        0 +/- 0
     Absorption Rate                      0 +/- 0
 Mesh Index (16, 1, 35)
   Total Material
     Flux                                 0 +/- 0
     (n,Xt)                               0 +/- 0
     heating-local                        0 +/- 0
     Absorption Rate                      0 +/- 0
 Mesh Index (17, 1, 35)
   Total Material
     Flux                                 0 +/- 0
     (n,Xt)                               0 +/- 0
     heating-local                        0 +/- 0
     Absorption Rate                      0 +/- 0
 Mesh Index (18, 1, 35)
   Total Material
     Flux                                 0 +/- 0
     (n,Xt)                               0 +/- 0
     heating-local                        0 +/- 0
     Absorption Rate                      0 +/- 0
 Mesh Index (19, 1, 35)
   Total Material
     Flux                                 0 +/- 0
     (n,Xt)                               0 +/- 0
     heating-local                        0 +/- 0
     Absorption Rate                      0 +/- 0
 Mesh Index (20, 1, 35)
   Total Material
     Flux                                 0 +/- 0
     (n,Xt)                               0 +/- 0
     heating-local                        0 +/- 0
     Absorption Rate                      0 +/- 0
 Mesh Index (21, 1, 35)
   Total Material
     Flux                                 0 +/- 0
     (n,Xt)                               0 +/- 0
     heating-local                        0 +/- 0
     Absorption Rate                      0 +/- 0
 Mesh Index (22, 1, 35)
   Total Material
     Flux                                 0 +/- 0
     (n,Xt)                               0 +/- 0
     heating-local                        0 +/- 0
     Absorption Rate                      0 +/- 0
 Mesh Index (23, 1, 35)
   Total Material
     Flux                                 0 +/- 0
     (n,Xt)                               0 +/- 0
     heating-local                        0 +/- 0
     Absorption Rate                      0 +/- 0
 Mesh Index (24, 1, 35)
   Total Material
     Flux                                 0 +/- 0
     (n,Xt)                               0 +/- 0
     heating-local                        0 +/- 0
     Absorption Rate                      0 +/- 0
 Mesh Index (1, 1, 36)
   Total Material
     Flux                                 0.000955793 +/- 0.00055664
     (n,Xt)                               0 +/- 0
     heating-local                        0 +/- 0
     Absorption Rate                      6.56463e-06 +/- 5.40103e-06
 Mesh Index (2, 1, 36)
   Total Material
     Flux                                 0.00912348 +/- 0.00394535
     (n,Xt)                               0 +/- 0
     heating-local                        0 +/- 0
     Absorption Rate                      0.000127795 +/- 0.00012479
 Mesh Index (3, 1, 36)
   Total Material
     Flux                                 0.0103203 +/- 0.00366539
     (n,Xt)                               0 +/- 0
     heating-local                        0 +/- 0
     Absorption Rate                      0.000369576 +/- 0.000351827
 Mesh Index (4, 1, 36)
   Total Material
     Flux                                 0.0239789 +/- 0.00389386
     (n,Xt)                               0 +/- 0
     heating-local                        0 +/- 0
     Absorption Rate                      0.000153481 +/- 9.13925e-05
 Mesh Index (5, 1, 36)
   Total Material
     Flux                                 0.0457876 +/- 0.0162779
     (n,Xt)                               0 +/- 0
     heating-local                        0 +/- 0
     Absorption Rate                      7.4879e-05 +/- 4.39086e-05
 Mesh Index (6, 1, 36)
   Total Material
     Flux                                 0.0314346 +/- 0.00863768
     (n,Xt)                               0 +/- 0
     heating-local                        0 +/- 0
     Absorption Rate                      0.0012525 +/- 0.000811348
 Mesh Index (7, 1, 36)
   Total Material
     Flux                                 0.0380222 +/- 0.00972645
     (n,Xt)                               0 +/- 0
     heating-local                        0 +/- 0
     Absorption Rate                      0.000107258 +/- 5.02392e-05
 Mesh Index (8, 1, 36)
   Total Material
     Flux                                 0.0512517 +/- 0.0128113
     (n,Xt)                               0 +/- 0
     heating-local                        0 +/- 0
     Absorption Rate                      0.000542968 +/- 0.000451628
 Mesh Index (9, 1, 36)
   Total Material
     Flux                                 0.0609686 +/- 0.0183579
     (n,Xt)                               0 +/- 0
     heating-local                        0 +/- 0
     Absorption Rate                      0.000816044 +/- 0.000643132
 Mesh Index (10, 1, 36)
   Total Material
     Flux                                 0.0274907 +/- 0.00601883
     (n,Xt)                               3.50941e-10 +/- 3.50941e-10
     heating-local                        28.1273 +/- 28.1273
     Absorption Rate                      0.0002252 +/- 0.000125743
 Mesh Index (11, 1, 36)
   Total Material
     Flux                                 0.00237053 +/- 0.00160569
     (n,Xt)                               0 +/- 0
     heating-local                        0 +/- 0
     Absorption Rate                      1.44534e-05 +/- 1.44534e-05
 Mesh Index (12, 1, 36)
   Total Material
     Flux                                 0 +/- 0
     (n,Xt)                               0 +/- 0
     heating-local                        0 +/- 0
     Absorption Rate                      0 +/- 0
 Mesh Index (13, 1, 36)
   Total Material
     Flux                                 0 +/- 0
     (n,Xt)                               0 +/- 0
     heating-local                        0 +/- 0
     Absorption Rate                      0 +/- 0
 Mesh Index (14, 1, 36)
   Total Material
     Flux                                 0 +/- 0
     (n,Xt)                               0 +/- 0
     heating-local                        0 +/- 0
     Absorption Rate                      0 +/- 0
 Mesh Index (15, 1, 36)
   Total Material
     Flux                                 0 +/- 0
     (n,Xt)                               0 +/- 0
     heating-local                        0 +/- 0
     Absorption Rate                      0 +/- 0
 Mesh Index (16, 1, 36)
   Total Material
     Flux                                 0 +/- 0
     (n,Xt)                               0 +/- 0
     heating-local                        0 +/- 0
     Absorption Rate                      0 +/- 0
 Mesh Index (17, 1, 36)
   Total Material
     Flux                                 0 +/- 0
     (n,Xt)                               0 +/- 0
     heating-local                        0 +/- 0
     Absorption Rate                      0 +/- 0
 Mesh Index (18, 1, 36)
   Total Material
     Flux                                 0 +/- 0
     (n,Xt)                               0 +/- 0
     heating-local                        0 +/- 0
     Absorption Rate                      0 +/- 0
 Mesh Index (19, 1, 36)
   Total Material
     Flux                                 0 +/- 0
     (n,Xt)                               0 +/- 0
     heating-local                        0 +/- 0
     Absorption Rate                      0 +/- 0
 Mesh Index (20, 1, 36)
   Total Material
     Flux                                 0 +/- 0
     (n,Xt)                               0 +/- 0
     heating-local                        0 +/- 0
     Absorption Rate                      0 +/- 0
 Mesh Index (21, 1, 36)
   Total Material
     Flux                                 0 +/- 0
     (n,Xt)                               0 +/- 0
     heating-local                        0 +/- 0
     Absorption Rate                      0 +/- 0
 Mesh Index (22, 1, 36)
   Total Material
     Flux                                 0 +/- 0
     (n,Xt)                               0 +/- 0
     heating-local                        0 +/- 0
     Absorption Rate                      0 +/- 0
 Mesh Index (23, 1, 36)
   Total Material
     Flux                                 0 +/- 0
     (n,Xt)                               0 +/- 0
     heating-local                        0 +/- 0
     Absorption Rate                      0 +/- 0
 Mesh Index (24, 1, 36)
   Total Material
     Flux                                 0 +/- 0
     (n,Xt)                               0 +/- 0
     heating-local                        0 +/- 0
     Absorption Rate                      0 +/- 0
 Mesh Index (1, 1, 37)
   Total Material
     Flux                                 0.00159901 +/- 0.00157219
     (n,Xt)                               0 +/- 0
     heating-local                        0 +/- 0
     Absorption Rate                      6.07249e-05 +/- 5.28288e-05
 Mesh Index (2, 1, 37)
   Total Material
     Flux                                 0.00847969 +/- 0.0039372
     (n,Xt)                               0 +/- 0
     heating-local                        0 +/- 0
     Absorption Rate                      1.91394e-05 +/- 1.91394e-05
 Mesh Index (3, 1, 37)
   Total Material
     Flux                                 0.0106527 +/- 0.00323409
     (n,Xt)                               0 +/- 0
     heating-local                        0 +/- 0
     Absorption Rate                      0.000161755 +/- 0.000105988
 Mesh Index (4, 1, 37)
   Total Material
     Flux                                 0.0251744 +/- 0.00483525
     (n,Xt)                               0 +/- 0
     heating-local                        0 +/- 0
     Absorption Rate                      0.000213336 +/- 0.000121882
 Mesh Index (5, 1, 37)
   Total Material
     Flux                                 0.0225717 +/- 0.00791147
     (n,Xt)                               0 +/- 0
     heating-local                        0 +/- 0
     Absorption Rate                      0.000459867 +/- 0.000266182
 Mesh Index (6, 1, 37)
   Total Material
     Flux                                 0.0381732 +/- 0.0121782
     (n,Xt)                               0 +/- 0
     heating-local                        0 +/- 0
     Absorption Rate                      0.00415044 +/- 0.00326826
 Mesh Index (7, 1, 37)
   Total Material
     Flux                                 0.0409113 +/- 0.0115051
     (n,Xt)                               0 +/- 0
     heating-local                        0 +/- 0
     Absorption Rate                      0.0025842 +/- 0.00143571
 Mesh Index (8, 1, 37)
   Total Material
     Flux                                 0.0659308 +/- 0.0146257
     (n,Xt)                               0 +/- 0
     heating-local                        0 +/- 0
     Absorption Rate                      0.00106757 +/- 0.000783382
 Mesh Index (9, 1, 37)
   Total Material
     Flux                                 0.0370308 +/- 0.0105667
     (n,Xt)                               0 +/- 0
     heating-local                        0 +/- 0
     Absorption Rate                      0.00022031 +/- 0.000146944
 Mesh Index (10, 1, 37)
   Total Material
     Flux                                 0.0554587 +/- 0.0141129
     (n,Xt)                               0 +/- 0
     heating-local                        0 +/- 0
     Absorption Rate                      0.00104279 +/- 0.000693332
 Mesh Index (11, 1, 37)
   Total Material
     Flux                                 0.0267195 +/- 0.00669179
     (n,Xt)                               0 +/- 0
     heating-local                        0 +/- 0
     Absorption Rate                      0.000515237 +/- 0.000341796
 Mesh Index (12, 1, 37)
   Total Material
     Flux                                 0.0062932 +/- 0.00365352
     (n,Xt)                               0 +/- 0
     heating-local                        0 +/- 0
     Absorption Rate                      3.95941e-05 +/- 3.95941e-05
 Mesh Index (13, 1, 37)
   Total Material
     Flux                                 0.00629387 +/- 0.00364179
     (n,Xt)                               0 +/- 0
     heating-local                        0 +/- 0
     Absorption Rate                      4.30574e-05 +/- 3.93512e-05
 Mesh Index (14, 1, 37)
   Total Material
     Flux                                 0.00290919 +/- 0.00265541
     (n,Xt)                               0 +/- 0
     heating-local                        0 +/- 0
     Absorption Rate                      1.30824e-05 +/- 1.21759e-05
 Mesh Index (15, 1, 37)
   Total Material
     Flux                                 0.00265419 +/- 0.00265419
     (n,Xt)                               0 +/- 0
     heating-local                        0 +/- 0
     Absorption Rate                      1.21432e-05 +/- 1.21432e-05
 Mesh Index (16, 1, 37)
   Total Material
     Flux                                 0.00263726 +/- 0.00263726
     (n,Xt)                               0 +/- 0
     heating-local                        0 +/- 0
     Absorption Rate                      1.20658e-05 +/- 1.20658e-05
 Mesh Index (17, 1, 37)
   Total Material
     Flux                                 0.00262357 +/- 0.00262357
     (n,Xt)                               0 +/- 0
     heating-local                        0 +/- 0
     Absorption Rate                      1.20031e-05 +/- 1.20031e-05
 Mesh Index (18, 1, 37)
   Total Material
     Flux                                 0.00131378 +/- 0.00131378
     (n,Xt)                               0 +/- 0
     heating-local                        0 +/- 0
     Absorption Rate                      6.01068e-06 +/- 6.01068e-06
 Mesh Index (19, 1, 37)
   Total Material
     Flux                                 0 +/- 0
     (n,Xt)                               0 +/- 0
     heating-local                        0 +/- 0
     Absorption Rate                      0 +/- 0
 Mesh Index (20, 1, 37)
   Total Material
     Flux                                 0 +/- 0
     (n,Xt)                               0 +/- 0
     heating-local                        0 +/- 0
     Absorption Rate                      0 +/- 0
 Mesh Index (21, 1, 37)
   Total Material
     Flux                                 0 +/- 0
     (n,Xt)                               0 +/- 0
     heating-local                        0 +/- 0
     Absorption Rate                      0 +/- 0
 Mesh Index (22, 1, 37)
   Total Material
     Flux                                 0 +/- 0
     (n,Xt)                               0 +/- 0
     heating-local                        0 +/- 0
     Absorption Rate                      0 +/- 0
 Mesh Index (23, 1, 37)
   Total Material
     Flux                                 0 +/- 0
     (n,Xt)                               0 +/- 0
     heating-local                        0 +/- 0
     Absorption Rate                      0 +/- 0
 Mesh Index (24, 1, 37)
   Total Material
     Flux                                 0 +/- 0
     (n,Xt)                               0 +/- 0
     heating-local                        0 +/- 0
     Absorption Rate                      0 +/- 0
 Mesh Index (1, 1, 38)
   Total Material
     Flux                                 0.00270092 +/- 0.000966392
     (n,Xt)                               0 +/- 0
     heating-local                        0 +/- 0
     Absorption Rate                      3.99263e-05 +/- 2.86606e-05
 Mesh Index (2, 1, 38)
   Total Material
     Flux                                 0.00751702 +/- 0.00463251
     (n,Xt)                               0 +/- 0
     heating-local                        0 +/- 0
     Absorption Rate                      0.000124891 +/- 9.85349e-05
 Mesh Index (3, 1, 38)
   Total Material
     Flux                                 0.0139829 +/- 0.00489484
     (n,Xt)                               0 +/- 0
     heating-local                        0 +/- 0
     Absorption Rate                      0.000128565 +/- 7.61272e-05
 Mesh Index (4, 1, 38)
   Total Material
     Flux                                 0.032981 +/- 0.00954451
     (n,Xt)                               0 +/- 0
     heating-local                        0 +/- 0
     Absorption Rate                      0.000339254 +/- 0.000229162
 Mesh Index (5, 1, 38)
   Total Material
     Flux                                 0.0252734 +/- 0.00547347
     (n,Xt)                               0 +/- 0
     heating-local                        0 +/- 0
     Absorption Rate                      0.000775907 +/- 0.000671074
 Mesh Index (6, 1, 38)
   Total Material
     Flux                                 0.0228709 +/- 0.00554415
     (n,Xt)                               0 +/- 0
     heating-local                        0 +/- 0
     Absorption Rate                      0.000569289 +/- 0.000368972
 Mesh Index (7, 1, 38)
   Total Material
     Flux                                 0.0317531 +/- 0.0104712
     (n,Xt)                               0 +/- 0
     heating-local                        0 +/- 0
     Absorption Rate                      0.000585987 +/- 0.00034148
 Mesh Index (8, 1, 38)
   Total Material
     Flux                                 0.0429062 +/- 0.00854217
     (n,Xt)                               0 +/- 0
     heating-local                        0 +/- 0
     Absorption Rate                      0.00191945 +/- 0.00118858
 Mesh Index (9, 1, 38)
   Total Material
     Flux                                 0.0331921 +/- 0.00484417
     (n,Xt)                               0 +/- 0
     heating-local                        0 +/- 0
     Absorption Rate                      0.00020075 +/- 0.000171046
 Mesh Index (10, 1, 38)
   Total Material
     Flux                                 0.033794 +/- 0.0101868
     (n,Xt)                               0 +/- 0
     heating-local                        0 +/- 0
     Absorption Rate                      7.58383e-05 +/- 6.41376e-05
 Mesh Index (11, 1, 38)
   Total Material
     Flux                                 0.046099 +/- 0.00975744
     (n,Xt)                               0 +/- 0
     heating-local                        0 +/- 0
     Absorption Rate                      0.000651703 +/- 0.000482763
 Mesh Index (12, 1, 38)
   Total Material
     Flux                                 0.022489 +/- 0.00567153
     (n,Xt)                               0 +/- 0
     heating-local                        0 +/- 0
     Absorption Rate                      0.000734497 +/- 0.000484299
 Mesh Index (13, 1, 38)
   Total Material
     Flux                                 0.00716626 +/- 0.00372724
     (n,Xt)                               0 +/- 0
     heating-local                        0 +/- 0
     Absorption Rate                      0.00029115 +/- 0.00029115
 Mesh Index (14, 1, 38)
   Total Material
     Flux                                 0.00798931 +/- 0.00406841
     (n,Xt)                               0 +/- 0
     heating-local                        0 +/- 0
     Absorption Rate                      3.87368e-05 +/- 3.87368e-05
 Mesh Index (15, 1, 38)
   Total Material
     Flux                                 0.00550918 +/- 0.00367308
     (n,Xt)                               0 +/- 0
     heating-local                        0 +/- 0
     Absorption Rate                      3.95731e-05 +/- 3.95731e-05
 Mesh Index (16, 1, 38)
   Total Material
     Flux                                 0.00373422 +/- 0.00248963
     (n,Xt)                               0 +/- 0
     heating-local                        0 +/- 0
     Absorption Rate                      2.68633e-05 +/- 2.68633e-05
 Mesh Index (17, 1, 38)
   Total Material
     Flux                                 0.00188157 +/- 0.00188157
     (n,Xt)                               0 +/- 0
     heating-local                        0 +/- 0
     Absorption Rate                      0.00108267 +/- 0.00108267
 Mesh Index (18, 1, 38)
   Total Material
     Flux                                 0.0038368 +/- 0.00271966
     (n,Xt)                               0 +/- 0
     heating-local                        0 +/- 0
     Absorption Rate                      0.00146649 +/- 0.0014599
 Mesh Index (19, 1, 38)
   Total Material
     Flux                                 0.00499735 +/- 0.00333519
     (n,Xt)                               0 +/- 0
     heating-local                        0 +/- 0
     Absorption Rate                      0.00138967 +/- 0.00137649
 Mesh Index (20, 1, 38)
   Total Material
     Flux                                 0.00259507 +/- 0.00259507
     (n,Xt)                               0 +/- 0
     heating-local                        0 +/- 0
     Absorption Rate                      1.18728e-05 +/- 1.18728e-05
 Mesh Index (21, 1, 38)
   Total Material
     Flux                                 3.99303e-05 +/- 3.99303e-05
     (n,Xt)                               0 +/- 0
     heating-local                        0 +/- 0
     Absorption Rate                      1.82686e-07 +/- 1.82686e-07
 Mesh Index (22, 1, 38)
   Total Material
     Flux                                 0 +/- 0
     (n,Xt)                               0 +/- 0
     heating-local                        0 +/- 0
     Absorption Rate                      0 +/- 0
 Mesh Index (23, 1, 38)
   Total Material
     Flux                                 0 +/- 0
     (n,Xt)                               0 +/- 0
     heating-local                        0 +/- 0
     Absorption Rate                      0 +/- 0
 Mesh Index (24, 1, 38)
   Total Material
     Flux                                 0 +/- 0
     (n,Xt)                               0 +/- 0
     heating-local                        0 +/- 0
     Absorption Rate                      0 +/- 0
 Mesh Index (1, 1, 39)
   Total Material
     Flux                                 0.000298801 +/- 0.000228078
     (n,Xt)                               0 +/- 0
     heating-local                        0 +/- 0
     Absorption Rate                      5.2331e-06 +/- 5.2331e-06
 Mesh Index (2, 1, 39)
   Total Material
     Flux                                 0.00721546 +/- 0.00493298
     (n,Xt)                               0 +/- 0
     heating-local                        0 +/- 0
     Absorption Rate                      0 +/- 0
 Mesh Index (3, 1, 39)
   Total Material
     Flux                                 0.0054836 +/- 0.00346596
     (n,Xt)                               0 +/- 0
     heating-local                        0 +/- 0
     Absorption Rate                      0.000658368 +/- 0.000658075
 Mesh Index (4, 1, 39)
   Total Material
     Flux                                 0.0173995 +/- 0.00793346
     (n,Xt)                               0 +/- 0
     heating-local                        0 +/- 0
     Absorption Rate                      6.06985e-05 +/- 4.27228e-05
 Mesh Index (5, 1, 39)
   Total Material
     Flux                                 0.0239748 +/- 0.00721021
     (n,Xt)                               0 +/- 0
     heating-local                        0 +/- 0
     Absorption Rate                      0.00025664 +/- 0.00021351
 Mesh Index (6, 1, 39)
   Total Material
     Flux                                 0.0209404 +/- 0.00667014
     (n,Xt)                               0 +/- 0
     heating-local                        0 +/- 0
     Absorption Rate                      0.000131628 +/- 0.000131628
 Mesh Index (7, 1, 39)
   Total Material
     Flux                                 0.0247936 +/- 0.006407
     (n,Xt)                               0 +/- 0
     heating-local                        0 +/- 0
     Absorption Rate                      0.0027705 +/- 0.0023587
 Mesh Index (8, 1, 39)
   Total Material
     Flux                                 0.0360196 +/- 0.00801536
     (n,Xt)                               0 +/- 0
     heating-local                        0 +/- 0
     Absorption Rate                      0.00400722 +/- 0.00257641
 Mesh Index (9, 1, 39)
   Total Material
     Flux                                 0.0407582 +/- 0.00763733
     (n,Xt)                               0 +/- 0
     heating-local                        0 +/- 0
     Absorption Rate                      0.000310885 +/- 0.000164724
 Mesh Index (10, 1, 39)
   Total Material
     Flux                                 0.0412593 +/- 0.0134491
     (n,Xt)                               0 +/- 0
     heating-local                        0 +/- 0
     Absorption Rate                      0.000813367 +/- 0.000625679
 Mesh Index (11, 1, 39)
   Total Material
     Flux                                 0.030613 +/- 0.00852027
     (n,Xt)                               0 +/- 0
     heating-local                        0 +/- 0
     Absorption Rate                      9.74221e-05 +/- 5.59566e-05
 Mesh Index (12, 1, 39)
   Total Material
     Flux                                 0.0391377 +/- 0.0126779
     (n,Xt)                               0 +/- 0
     heating-local                        0 +/- 0
     Absorption Rate                      0.0005569 +/- 0.00040847
 Mesh Index (13, 1, 39)
   Total Material
     Flux                                 0.0187726 +/- 0.00524927
     (n,Xt)                               0 +/- 0
     heating-local                        0 +/- 0
     Absorption Rate                      0.000557911 +/- 0.000348727
 Mesh Index (14, 1, 39)
   Total Material
     Flux                                 0.00526363 +/- 0.00348659
     (n,Xt)                               0 +/- 0
     heating-local                        0 +/- 0
     Absorption Rate                      7.60164e-06 +/- 6.20119e-06
 Mesh Index (15, 1, 39)
   Total Material
     Flux                                 0.000659597 +/- 0.000539197
     (n,Xt)                               0 +/- 0
     heating-local                        0 +/- 0
     Absorption Rate                      0 +/- 0
 Mesh Index (16, 1, 39)
   Total Material
     Flux                                 0.0017658 +/- 0.00117727
     (n,Xt)                               0 +/- 0
     heating-local                        0 +/- 0
     Absorption Rate                      1.27054e-05 +/- 1.27054e-05
 Mesh Index (17, 1, 39)
   Total Material
     Flux                                 0.00549254 +/- 0.00366186
     (n,Xt)                               0 +/- 0
     heating-local                        0 +/- 0
     Absorption Rate                      3.9565e-05 +/- 3.9565e-05
 Mesh Index (18, 1, 39)
   Total Material
     Flux                                 0.00548636 +/- 0.0036577
     (n,Xt)                               0 +/- 0
     heating-local                        0 +/- 0
     Absorption Rate                      3.9562e-05 +/- 3.9562e-05
 Mesh Index (19, 1, 39)
   Total Material
     Flux                                 0.00186061 +/- 0.00113383
     (n,Xt)                               0 +/- 0
     heating-local                        0 +/- 0
     Absorption Rate                      9.53435e-05 +/- 8.16047e-05
 Mesh Index (20, 1, 39)
   Total Material
     Flux                                 0.00253576 +/- 0.00253576
     (n,Xt)                               0 +/- 0
     heating-local                        0 +/- 0
     Absorption Rate                      0.0014591 +/- 0.0014591
 Mesh Index (21, 1, 39)
   Total Material
     Flux                                 0.00253477 +/- 0.00253477
     (n,Xt)                               0 +/- 0
     heating-local                        0 +/- 0
     Absorption Rate                      0.00145853 +/- 0.00145853
 Mesh Index (22, 1, 39)
   Total Material
     Flux                                 0.00253392 +/- 0.00253392
     (n,Xt)                               0 +/- 0
     heating-local                        0 +/- 0
     Absorption Rate                      0.00145805 +/- 0.00145805
 Mesh Index (23, 1, 39)
   Total Material
     Flux                                 0.00253318 +/- 0.00253318
     (n,Xt)                               0 +/- 0
     heating-local                        0 +/- 0
     Absorption Rate                      0.00145762 +/- 0.00145762
 Mesh Index (24, 1, 39)
   Total Material
     Flux                                 0.00253254 +/- 0.00253254
     (n,Xt)                               0 +/- 0
     heating-local                        0 +/- 0
     Absorption Rate                      0.00145725 +/- 0.00145725
 Mesh Index (1, 1, 40)
   Total Material
     Flux                                 0.00249819 +/- 0.0015528
     (n,Xt)                               0 +/- 0
     heating-local                        0 +/- 0
     Absorption Rate                      1.01923e-05 +/- 7.15065e-06
 Mesh Index (2, 1, 40)
   Total Material
     Flux                                 0.00727599 +/- 0.00385172
     (n,Xt)                               0 +/- 0
     heating-local                        0 +/- 0
     Absorption Rate                      0 +/- 0
 Mesh Index (3, 1, 40)
   Total Material
     Flux                                 0.00544845 +/- 0.00291402
     (n,Xt)                               0 +/- 0
     heating-local                        0 +/- 0
     Absorption Rate                      1.05369e-05 +/- 8.04111e-06
 Mesh Index (4, 1, 40)
   Total Material
     Flux                                 0.0101291 +/- 0.00597824
     (n,Xt)                               0 +/- 0
     heating-local                        0 +/- 0
     Absorption Rate                      5.19362e-08 +/- 5.19362e-08
 Mesh Index (5, 1, 40)
   Total Material
     Flux                                 0.0189289 +/- 0.00626841
     (n,Xt)                               0 +/- 0
     heating-local                        0 +/- 0
     Absorption Rate                      1.50595e-05 +/- 1.4105e-05
 Mesh Index (6, 1, 40)
   Total Material
     Flux                                 0.0219182 +/- 0.00642396
     (n,Xt)                               0 +/- 0
     heating-local                        0 +/- 0
     Absorption Rate                      7.32947e-05 +/- 4.16251e-05
 Mesh Index (7, 1, 40)
   Total Material
     Flux                                 0.0195997 +/- 0.00504594
     (n,Xt)                               0 +/- 0
     heating-local                        0 +/- 0
     Absorption Rate                      2.88721e-09 +/- 2.88721e-09
 Mesh Index (8, 1, 40)
   Total Material
     Flux                                 0.0265109 +/- 0.00722884
     (n,Xt)                               0 +/- 0
     heating-local                        0 +/- 0
     Absorption Rate                      0.00146468 +/- 0.000820619
 Mesh Index (9, 1, 40)
   Total Material
     Flux                                 0.0311314 +/- 0.00834287
     (n,Xt)                               0 +/- 0
     heating-local                        0 +/- 0
     Absorption Rate                      0.000457506 +/- 0.000323543
 Mesh Index (10, 1, 40)
   Total Material
     Flux                                 0.0282212 +/- 0.00725299
     (n,Xt)                               0 +/- 0
     heating-local                        0 +/- 0
     Absorption Rate                      0.000221121 +/- 0.000142802
 Mesh Index (11, 1, 40)
   Total Material
     Flux                                 0.0328697 +/- 0.00878916
     (n,Xt)                               0 +/- 0
     heating-local                        0 +/- 0
     Absorption Rate                      0.000296837 +/- 0.000155002
 Mesh Index (12, 1, 40)
   Total Material
     Flux                                 0.0309131 +/- 0.0108435
     (n,Xt)                               0 +/- 0
     heating-local                        0 +/- 0
     Absorption Rate                      0.00018879 +/- 0.00015658
 Mesh Index (13, 1, 40)
   Total Material
     Flux                                 0.0347958 +/- 0.00994013
     (n,Xt)                               0 +/- 0
     heating-local                        0 +/- 0
     Absorption Rate                      0.000607237 +/- 0.000458775
 Mesh Index (14, 1, 40)
   Total Material
     Flux                                 0.0148937 +/- 0.00608724
     (n,Xt)                               0 +/- 0
     heating-local                        0 +/- 0
     Absorption Rate                      0.000666263 +/- 0.0005432
 Mesh Index (15, 1, 40)
   Total Material
     Flux                                 0.00734086 +/- 0.00346091
     (n,Xt)                               0 +/- 0
     heating-local                        0 +/- 0
     Absorption Rate                      8.66271e-06 +/- 5.79458e-06
 Mesh Index (16, 1, 40)
   Total Material
     Flux                                 0.00671312 +/- 0.00451975
     (n,Xt)                               0 +/- 0
     heating-local                        0 +/- 0
     Absorption Rate                      1.74597e-05 +/- 1.74597e-05
 Mesh Index (17, 1, 40)
   Total Material
     Flux                                 0.00130358 +/- 0.00130358
     (n,Xt)                               0 +/- 0
     heating-local                        0 +/- 0
     Absorption Rate                      0 +/- 0
 Mesh Index (18, 1, 40)
   Total Material
     Flux                                 0 +/- 0
     (n,Xt)                               0 +/- 0
     heating-local                        0 +/- 0
     Absorption Rate                      0 +/- 0
 Mesh Index (19, 1, 40)
   Total Material
     Flux                                 0.00180436 +/- 0.00180436
     (n,Xt)                               0 +/- 0
     heating-local                        0 +/- 0
     Absorption Rate                      2.62187e-05 +/- 2.62187e-05
 Mesh Index (20, 1, 40)
   Total Material
     Flux                                 0.00272231 +/- 0.00272231
     (n,Xt)                               0 +/- 0
     heating-local                        0 +/- 0
     Absorption Rate                      3.95573e-05 +/- 3.95573e-05
 Mesh Index (21, 1, 40)
   Total Material
     Flux                                 0.00271129 +/- 0.00271129
     (n,Xt)                               0 +/- 0
     heating-local                        0 +/- 0
     Absorption Rate                      3.93971e-05 +/- 3.93971e-05
 Mesh Index (22, 1, 40)
   Total Material
     Flux                                 0 +/- 0
     (n,Xt)                               0 +/- 0
     heating-local                        0 +/- 0
     Absorption Rate                      0 +/- 0
 Mesh Index (23, 1, 40)
   Total Material
     Flux                                 0 +/- 0
     (n,Xt)                               0 +/- 0
     heating-local                        0 +/- 0
     Absorption Rate                      0 +/- 0
 Mesh Index (24, 1, 40)
   Total Material
     Flux                                 0 +/- 0
     (n,Xt)                               0 +/- 0
     heating-local                        0 +/- 0
     Absorption Rate                      0 +/- 0
 Mesh Index (1, 1, 41)
   Total Material
     Flux                                 0 +/- 0
     (n,Xt)                               0 +/- 0
     heating-local                        0 +/- 0
     Absorption Rate                      0 +/- 0
 Mesh Index (2, 1, 41)
   Total Material
     Flux                                 0.00125152 +/- 0.000963826
     (n,Xt)                               0 +/- 0
     heating-local                        0 +/- 0
     Absorption Rate                      0 +/- 0
 Mesh Index (3, 1, 41)
   Total Material
     Flux                                 0.00666686 +/- 0.00299951
     (n,Xt)                               0 +/- 0
     heating-local                        0 +/- 0
     Absorption Rate                      9.93304e-05 +/- 8.10455e-05
 Mesh Index (4, 1, 41)
   Total Material
     Flux                                 0.00641354 +/- 0.00419974
     (n,Xt)                               0 +/- 0
     heating-local                        0 +/- 0
     Absorption Rate                      7.11872e-06 +/- 7.11872e-06
 Mesh Index (5, 1, 41)
   Total Material
     Flux                                 0.0177237 +/- 0.00675655
     (n,Xt)                               0 +/- 0
     heating-local                        0 +/- 0
     Absorption Rate                      0.000795622 +/- 0.000711379
 Mesh Index (6, 1, 41)
   Total Material
     Flux                                 0.0172581 +/- 0.00763164
     (n,Xt)                               0 +/- 0
     heating-local                        0 +/- 0
     Absorption Rate                      8.28746e-05 +/- 3.49229e-05
 Mesh Index (7, 1, 41)
   Total Material
     Flux                                 0.0194149 +/- 0.00517303
     (n,Xt)                               0 +/- 0
     heating-local                        0 +/- 0
     Absorption Rate                      6.65673e-05 +/- 3.62761e-05
 Mesh Index (8, 1, 41)
   Total Material
     Flux                                 0.0274078 +/- 0.00595255
     (n,Xt)                               0 +/- 0
     heating-local                        0 +/- 0
     Absorption Rate                      0.000817984 +/- 0.000793804
 Mesh Index (9, 1, 41)
   Total Material
     Flux                                 0.0216631 +/- 0.0059512
     (n,Xt)                               0 +/- 0
     heating-local                        0 +/- 0
     Absorption Rate                      0.00072459 +/- 0.00044854
 Mesh Index (10, 1, 41)
   Total Material
     Flux                                 0.0324417 +/- 0.00914293
     (n,Xt)                               0 +/- 0
     heating-local                        0 +/- 0
     Absorption Rate                      0.000400287 +/- 0.000334718
 Mesh Index (11, 1, 41)
   Total Material
     Flux                                 0.0278622 +/- 0.0101152
     (n,Xt)                               0 +/- 0
     heating-local                        0 +/- 0
     Absorption Rate                      0.000320723 +/- 0.000211366
 Mesh Index (12, 1, 41)
   Total Material
     Flux                                 0.0211973 +/- 0.00814547
     (n,Xt)                               0 +/- 0
     heating-local                        0 +/- 0
     Absorption Rate                      6.90639e-05 +/- 3.78853e-05
 Mesh Index (13, 1, 41)
   Total Material
     Flux                                 0.0275853 +/- 0.00840371
     (n,Xt)                               0 +/- 0
     heating-local                        0 +/- 0
     Absorption Rate                      0.000414209 +/- 0.000272016
 Mesh Index (14, 1, 41)
   Total Material
     Flux                                 0.0297045 +/- 0.00956515
     (n,Xt)                               0 +/- 0
     heating-local                        0 +/- 0
     Absorption Rate                      0.000396147 +/- 0.00025843
 Mesh Index (15, 1, 41)
   Total Material
     Flux                                 0.0125051 +/- 0.00612769
     (n,Xt)                               0 +/- 0
     heating-local                        0 +/- 0
     Absorption Rate                      0.000422966 +/- 0.000421557
 Mesh Index (16, 1, 41)
   Total Material
     Flux                                 0.00865626 +/- 0.0039659
     (n,Xt)                               0 +/- 0
     heating-local                        0 +/- 0
     Absorption Rate                      0.000165215 +/- 0.000155099
 Mesh Index (17, 1, 41)
   Total Material
     Flux                                 0.0117701 +/- 0.00646239
     (n,Xt)                               0 +/- 0
     heating-local                        0 +/- 0
     Absorption Rate                      0.000190323 +/- 0.000155064
 Mesh Index (18, 1, 41)
   Total Material
     Flux                                 0.00586439 +/- 0.00332828
     (n,Xt)                               0 +/- 0
     heating-local                        0 +/- 0
     Absorption Rate                      7.06478e-05 +/- 5.46651e-05
 Mesh Index (19, 1, 41)
   Total Material
     Flux                                 0.00254274 +/- 0.00254274
     (n,Xt)                               0 +/- 0
     heating-local                        0 +/- 0
     Absorption Rate                      0 +/- 0
 Mesh Index (20, 1, 41)
   Total Material
     Flux                                 0 +/- 0
     (n,Xt)                               0 +/- 0
     heating-local                        0 +/- 0
     Absorption Rate                      0 +/- 0
 Mesh Index (21, 1, 41)
   Total Material
     Flux                                 1.08913e-05 +/- 1.08913e-05
     (n,Xt)                               0 +/- 0
     heating-local                        0 +/- 0
     Absorption Rate                      1.58259e-07 +/- 1.58259e-07
 Mesh Index (22, 1, 41)
   Total Material
     Flux                                 0.00272207 +/- 0.00272207
     (n,Xt)                               0 +/- 0
     heating-local                        0 +/- 0
     Absorption Rate                      3.95538e-05 +/- 3.95538e-05
 Mesh Index (23, 1, 41)
   Total Material
     Flux                                 0.00272198 +/- 0.00272198
     (n,Xt)                               0 +/- 0
     heating-local                        0 +/- 0
     Absorption Rate                      3.95524e-05 +/- 3.95524e-05
 Mesh Index (24, 1, 41)
   Total Material
     Flux                                 0.00178302 +/- 0.00178302
     (n,Xt)                               0 +/- 0
     heating-local                        0 +/- 0
     Absorption Rate                      2.59087e-05 +/- 2.59087e-05
 Mesh Index (1, 1, 42)
   Total Material
     Flux                                 0.00248559 +/- 0.00127349
     (n,Xt)                               0 +/- 0
     heating-local                        0 +/- 0
     Absorption Rate                      0.000213751 +/- 0.000198777
 Mesh Index (2, 1, 42)
   Total Material
     Flux                                 0.0050208 +/- 0.003013
     (n,Xt)                               0 +/- 0
     heating-local                        0 +/- 0
     Absorption Rate                      3.63596e-05 +/- 3.63596e-05
 Mesh Index (3, 1, 42)
   Total Material
     Flux                                 0.00962092 +/- 0.00421368
     (n,Xt)                               0 +/- 0
     heating-local                        0 +/- 0
     Absorption Rate                      0.000353825 +/- 0.000235968
 Mesh Index (4, 1, 42)
   Total Material
     Flux                                 0.00352172 +/- 0.00160417
     (n,Xt)                               0 +/- 0
     heating-local                        0 +/- 0
     Absorption Rate                      3.43138e-05 +/- 3.26402e-05
 Mesh Index (5, 1, 42)
   Total Material
     Flux                                 0.00798585 +/- 0.00412168
     (n,Xt)                               0 +/- 0
     heating-local                        0 +/- 0
     Absorption Rate                      0.000168268 +/- 0.000168268
 Mesh Index (6, 1, 42)
   Total Material
     Flux                                 0.0162068 +/- 0.00978579
     (n,Xt)                               0 +/- 0
     heating-local                        0 +/- 0
     Absorption Rate                      0.000572686 +/- 0.000516873
 Mesh Index (7, 1, 42)
   Total Material
     Flux                                 0.0148122 +/- 0.0055817
     (n,Xt)                               0 +/- 0
     heating-local                        0 +/- 0
     Absorption Rate                      8.46932e-05 +/- 4.70488e-05
 Mesh Index (8, 1, 42)
   Total Material
     Flux                                 0.0224229 +/- 0.00616024
     (n,Xt)                               0 +/- 0
     heating-local                        0 +/- 0
     Absorption Rate                      4.30341e-05 +/- 2.88492e-05
 Mesh Index (9, 1, 42)
   Total Material
     Flux                                 0.0158092 +/- 0.00444141
     (n,Xt)                               0 +/- 0
     heating-local                        0 +/- 0
     Absorption Rate                      0 +/- 0
 Mesh Index (10, 1, 42)
   Total Material
     Flux                                 0.0208754 +/- 0.00870289
     (n,Xt)                               0 +/- 0
     heating-local                        0 +/- 0
     Absorption Rate                      5.57257e-05 +/- 4.72384e-05
 Mesh Index (11, 1, 42)
   Total Material
     Flux                                 0.0261025 +/- 0.00673962
     (n,Xt)                               0 +/- 0
     heating-local                        0 +/- 0
     Absorption Rate                      0.000261418 +/- 0.000213335
 Mesh Index (12, 1, 42)
   Total Material
     Flux                                 0.0216393 +/- 0.00847995
     (n,Xt)                               0 +/- 0
     heating-local                        0 +/- 0
     Absorption Rate                      0.000274316 +/- 0.000149535
 Mesh Index (13, 1, 42)
   Total Material
     Flux                                 0.024126 +/- 0.00731855
     (n,Xt)                               0 +/- 0
     heating-local                        0 +/- 0
     Absorption Rate                      0.000599648 +/- 0.000437289
 Mesh Index (14, 1, 42)
   Total Material
     Flux                                 0.0354482 +/- 0.00988675
     (n,Xt)                               0 +/- 0
     heating-local                        0 +/- 0
     Absorption Rate                      0.000910474 +/- 0.000550112
 Mesh Index (15, 1, 42)
   Total Material
     Flux                                 0.0238984 +/- 0.00799569
     (n,Xt)                               0 +/- 0
     heating-local                        0 +/- 0
     Absorption Rate                      0.000205176 +/- 0.000121341
 Mesh Index (16, 1, 42)
   Total Material
     Flux                                 0.0109558 +/- 0.00669167
     (n,Xt)                               0 +/- 0
     heating-local                        0 +/- 0
     Absorption Rate                      0.00022717 +/- 0.000213754
 Mesh Index (17, 1, 42)
   Total Material
     Flux                                 0.00800526 +/- 0.0060166
     (n,Xt)                               0 +/- 0
     heating-local                        0 +/- 0
     Absorption Rate                      0.000234342 +/- 0.000229433
 Mesh Index (18, 1, 42)
   Total Material
     Flux                                 0.0110901 +/- 0.00494001
     (n,Xt)                               0 +/- 0
     heating-local                        0 +/- 0
     Absorption Rate                      0.000122361 +/- 0.000100249
 Mesh Index (19, 1, 42)
   Total Material
     Flux                                 0.00729282 +/- 0.00503123
     (n,Xt)                               0 +/- 0
     heating-local                        0 +/- 0
     Absorption Rate                      0.000107326 +/- 7.84973e-05
 Mesh Index (20, 1, 42)
   Total Material
     Flux                                 0.00324443 +/- 0.00283871
     (n,Xt)                               0 +/- 0
     heating-local                        0 +/- 0
     Absorption Rate                      3.95279e-06 +/- 3.95279e-06
 Mesh Index (21, 1, 42)
   Total Material
     Flux                                 0.00498359 +/- 0.00336349
     (n,Xt)                               0 +/- 0
     heating-local                        0 +/- 0
     Absorption Rate                      0.000136282 +/- 0.000136282
 Mesh Index (22, 1, 42)
   Total Material
     Flux                                 0.00242911 +/- 0.00164853
     (n,Xt)                               0 +/- 0
     heating-local                        0 +/- 0
     Absorption Rate                      9.05177e-05 +/- 9.05177e-05
 Mesh Index (23, 1, 42)
   Total Material
     Flux                                 0 +/- 0
     (n,Xt)                               0 +/- 0
     heating-local                        0 +/- 0
     Absorption Rate                      0 +/- 0
 Mesh Index (24, 1, 42)
   Total Material
     Flux                                 0.00284801 +/- 0.00203174
     (n,Xt)                               0 +/- 0
     heating-local                        0 +/- 0
     Absorption Rate                      1.36425e-05 +/- 1.36425e-05
 Mesh Index (1, 1, 43)
   Total Material
     Flux                                 0.000506826 +/- 0.000506826
     (n,Xt)                               0 +/- 0
     heating-local                        0 +/- 0
     Absorption Rate                      0 +/- 0
 Mesh Index (2, 1, 43)
   Total Material
     Flux                                 0.00251063 +/- 0.0016375
     (n,Xt)                               0 +/- 0
     heating-local                        0 +/- 0
     Absorption Rate                      8.4487e-06 +/- 8.4487e-06
 Mesh Index (3, 1, 43)
   Total Material
     Flux                                 0.00607786 +/- 0.00379392
     (n,Xt)                               0 +/- 0
     heating-local                        0 +/- 0
     Absorption Rate                      0 +/- 0
 Mesh Index (4, 1, 43)
   Total Material
     Flux                                 0.00737271 +/- 0.00334329
     (n,Xt)                               0 +/- 0
     heating-local                        0 +/- 0
     Absorption Rate                      4.78978e-05 +/- 3.12296e-05
 Mesh Index (5, 1, 43)
   Total Material
     Flux                                 0.0125935 +/- 0.00562162
     (n,Xt)                               0 +/- 0
     heating-local                        0 +/- 0
     Absorption Rate                      0.000111071 +/- 7.38605e-05
 Mesh Index (6, 1, 43)
   Total Material
     Flux                                 0.0125263 +/- 0.0060487
     (n,Xt)                               0 +/- 0
     heating-local                        0 +/- 0
     Absorption Rate                      0.00686226 +/- 0.00684205
 Mesh Index (7, 1, 43)
   Total Material
     Flux                                 0.0132957 +/- 0.00583016
     (n,Xt)                               0 +/- 0
     heating-local                        0 +/- 0
     Absorption Rate                      0.000253517 +/- 0.000247718
 Mesh Index (8, 1, 43)
   Total Material
     Flux                                 0.0127503 +/- 0.00414236
     (n,Xt)                               0 +/- 0
     heating-local                        0 +/- 0
     Absorption Rate                      3.78549e-05 +/- 2.63559e-05
 Mesh Index (9, 1, 43)
   Total Material
     Flux                                 0.0207968 +/- 0.00544719
     (n,Xt)                               0 +/- 0
     heating-local                        0 +/- 0
     Absorption Rate                      2.3719e-05 +/- 2.3719e-05
 Mesh Index (10, 1, 43)
   Total Material
     Flux                                 0.0116142 +/- 0.00460567
     (n,Xt)                               0 +/- 0
     heating-local                        0 +/- 0
     Absorption Rate                      0.000125111 +/- 0.000125111
 Mesh Index (11, 1, 43)
   Total Material
     Flux                                 0.014143 +/- 0.00707633
     (n,Xt)                               0 +/- 0
     heating-local                        0 +/- 0
     Absorption Rate                      1.7793e-05 +/- 1.7793e-05
 Mesh Index (12, 1, 43)
   Total Material
     Flux                                 0.0183684 +/- 0.00616832
     (n,Xt)                               0 +/- 0
     heating-local                        0 +/- 0
     Absorption Rate                      5.20962e-05 +/- 5.20962e-05
 Mesh Index (13, 1, 43)
   Total Material
     Flux                                 0.0101455 +/- 0.00525982
     (n,Xt)                               0 +/- 0
     heating-local                        0 +/- 0
     Absorption Rate                      2.4989e-05 +/- 1.5412e-05
 Mesh Index (14, 1, 43)
   Total Material
     Flux                                 0.027731 +/- 0.00622447
     (n,Xt)                               0 +/- 0
     heating-local                        0 +/- 0
     Absorption Rate                      0.000513985 +/- 0.000293061
 Mesh Index (15, 1, 43)
   Total Material
     Flux                                 0.0387647 +/- 0.00983765
     (n,Xt)                               0 +/- 0
     heating-local                        0 +/- 0
     Absorption Rate                      0.00110574 +/- 0.000602728
 Mesh Index (16, 1, 43)
   Total Material
     Flux                                 0.0241749 +/- 0.00826644
     (n,Xt)                               0 +/- 0
     heating-local                        0 +/- 0
     Absorption Rate                      0.000467559 +/- 0.000296998
 Mesh Index (17, 1, 43)
   Total Material
     Flux                                 0.0119874 +/- 0.00663669
     (n,Xt)                               0 +/- 0
     heating-local                        0 +/- 0
     Absorption Rate                      0.000290071 +/- 0.00020956
 Mesh Index (18, 1, 43)
   Total Material
     Flux                                 0.00803657 +/- 0.00664865
     (n,Xt)                               0 +/- 0
     heating-local                        0 +/- 0
     Absorption Rate                      0.000441339 +/- 0.000421176
 Mesh Index (19, 1, 43)
   Total Material
     Flux                                 0.00799328 +/- 0.00443887
     (n,Xt)                               0 +/- 0
     heating-local                        0 +/- 0
     Absorption Rate                      6.75862e-06 +/- 6.75862e-06
 Mesh Index (20, 1, 43)
   Total Material
     Flux                                 0.0103151 +/- 0.0042694
     (n,Xt)                               0 +/- 0
     heating-local                        0 +/- 0
     Absorption Rate                      2.99443e-05 +/- 2.77723e-05
 Mesh Index (21, 1, 43)
   Total Material
     Flux                                 0.00429781 +/- 0.0023385
     (n,Xt)                               0 +/- 0
     heating-local                        0 +/- 0
     Absorption Rate                      2.34819e-05 +/- 2.34819e-05
 Mesh Index (22, 1, 43)
   Total Material
     Flux                                 0.00182549 +/- 0.00182549
     (n,Xt)                               0 +/- 0
     heating-local                        0 +/- 0
     Absorption Rate                      0 +/- 0
 Mesh Index (23, 1, 43)
   Total Material
     Flux                                 0.00282424 +/- 0.00282424
     (n,Xt)                               0 +/- 0
     heating-local                        0 +/- 0
     Absorption Rate                      0 +/- 0
 Mesh Index (24, 1, 43)
   Total Material
     Flux                                 0.00238379 +/- 0.00238379
     (n,Xt)                               0 +/- 0
     heating-local                        0 +/- 0
     Absorption Rate                      0 +/- 0
 Mesh Index (1, 1, 44)
   Total Material
     Flux                                 0 +/- 0
     (n,Xt)                               0 +/- 0
     heating-local                        0 +/- 0
     Absorption Rate                      0 +/- 0
 Mesh Index (2, 1, 44)
   Total Material
     Flux                                 0.00227159 +/- 0.00227159
     (n,Xt)                               0 +/- 0
     heating-local                        0 +/- 0
     Absorption Rate                      0 +/- 0
 Mesh Index (3, 1, 44)
   Total Material
     Flux                                 0.00843994 +/- 0.00388759
     (n,Xt)                               0 +/- 0
     heating-local                        0 +/- 0
     Absorption Rate                      2.90866e-06 +/- 2.90866e-06
 Mesh Index (4, 1, 44)
   Total Material
     Flux                                 0 +/- 0
     (n,Xt)                               0 +/- 0
     heating-local                        0 +/- 0
     Absorption Rate                      0 +/- 0
 Mesh Index (5, 1, 44)
   Total Material
     Flux                                 0.0150998 +/- 0.00474935
     (n,Xt)                               0 +/- 0
     heating-local                        0 +/- 0
     Absorption Rate                      0.000625478 +/- 0.000484586
 Mesh Index (6, 1, 44)
   Total Material
     Flux                                 0.013013 +/- 0.00543387
     (n,Xt)                               0 +/- 0
     heating-local                        0 +/- 0
     Absorption Rate                      0.00818346 +/- 0.00809435
 Mesh Index (7, 1, 44)
   Total Material
     Flux                                 0.0101321 +/- 0.00558521
     (n,Xt)                               0 +/- 0
     heating-local                        0 +/- 0
     Absorption Rate                      0 +/- 0
 Mesh Index (8, 1, 44)
   Total Material
     Flux                                 0.0167731 +/- 0.00684635
     (n,Xt)                               0 +/- 0
     heating-local                        0 +/- 0
     Absorption Rate                      0.000492765 +/- 0.000330445
 Mesh Index (9, 1, 44)
   Total Material
     Flux                                 0.0135859 +/- 0.00439705
     (n,Xt)                               0 +/- 0
     heating-local                        0 +/- 0
     Absorption Rate                      1.36332e-05 +/- 1.36332e-05
 Mesh Index (10, 1, 44)
   Total Material
     Flux                                 0.0103213 +/- 0.00419124
     (n,Xt)                               0 +/- 0
     heating-local                        0 +/- 0
     Absorption Rate                      2.39157e-05 +/- 2.39157e-05
 Mesh Index (11, 1, 44)
   Total Material
     Flux                                 0.0117815 +/- 0.0049375
     (n,Xt)                               0 +/- 0
     heating-local                        0 +/- 0
     Absorption Rate                      0.000142904 +/- 0.000142904
 Mesh Index (12, 1, 44)
   Total Material
     Flux                                 0.0160874 +/- 0.00545939
     (n,Xt)                               0 +/- 0
     heating-local                        0 +/- 0
     Absorption Rate                      0 +/- 0
 Mesh Index (13, 1, 44)
   Total Material
     Flux                                 0.0149319 +/- 0.00613341
     (n,Xt)                               0 +/- 0
     heating-local                        0 +/- 0
     Absorption Rate                      0 +/- 0
 Mesh Index (14, 1, 44)
   Total Material
     Flux                                 0.0091748 +/- 0.00519998
     (n,Xt)                               0 +/- 0
     heating-local                        0 +/- 0
     Absorption Rate                      0.000241298 +/- 0.000236737
 Mesh Index (15, 1, 44)
   Total Material
     Flux                                 0.0266894 +/- 0.00767858
     (n,Xt)                               0 +/- 0
     heating-local                        0 +/- 0
     Absorption Rate                      0.00128481 +/- 0.000988339
 Mesh Index (16, 1, 44)
   Total Material
     Flux                                 0.0357397 +/- 0.0083166
     (n,Xt)                               0 +/- 0
     heating-local                        0 +/- 0
     Absorption Rate                      0.000934918 +/- 0.000437252
 Mesh Index (17, 1, 44)
   Total Material
     Flux                                 0.0268517 +/- 0.0104962
     (n,Xt)                               0 +/- 0
     heating-local                        0 +/- 0
     Absorption Rate                      0.000790702 +/- 0.000503142
 Mesh Index (18, 1, 44)
   Total Material
     Flux                                 0.0102507 +/- 0.00640582
     (n,Xt)                               0 +/- 0
     heating-local                        0 +/- 0
     Absorption Rate                      0.000105759 +/- 6.358e-05
 Mesh Index (19, 1, 44)
   Total Material
     Flux                                 0.00375854 +/- 0.00326564
     (n,Xt)                               0 +/- 0
     heating-local                        0 +/- 0
     Absorption Rate                      0.000438734 +/- 0.000429031
 Mesh Index (20, 1, 44)
   Total Material
     Flux                                 0.00370839 +/- 0.00254527
     (n,Xt)                               0 +/- 0
     heating-local                        0 +/- 0
     Absorption Rate                      0.000194287 +/- 0.000189114
 Mesh Index (21, 1, 44)
   Total Material
     Flux                                 0.0102694 +/- 0.00374031
     (n,Xt)                               0 +/- 0
     heating-local                        0 +/- 0
     Absorption Rate                      1.35926e-05 +/- 9.33004e-06
 Mesh Index (22, 1, 44)
   Total Material
     Flux                                 0.0113273 +/- 0.00464534
     (n,Xt)                               0 +/- 0
     heating-local                        0 +/- 0
     Absorption Rate                      3.16754e-05 +/- 3.16754e-05
 Mesh Index (23, 1, 44)
   Total Material
     Flux                                 0.0033581 +/- 0.00200551
     (n,Xt)                               0 +/- 0
     heating-local                        0 +/- 0
     Absorption Rate                      1.14441e-05 +/- 1.14441e-05
 Mesh Index (24, 1, 44)
   Total Material
     Flux                                 0.000331329 +/- 0.000331329
     (n,Xt)                               0 +/- 0
     heating-local                        0 +/- 0
     Absorption Rate                      0 +/- 0
 Mesh Index (1, 1, 45)
   Total Material
     Flux                                 0.000338006 +/- 0.000232538
     (n,Xt)                               0 +/- 0
     heating-local                        0 +/- 0
     Absorption Rate                      0 +/- 0
 Mesh Index (2, 1, 45)
   Total Material
     Flux                                 0.0032453 +/- 0.00219189
     (n,Xt)                               0 +/- 0
     heating-local                        0 +/- 0
     Absorption Rate                      0 +/- 0
 Mesh Index (3, 1, 45)
   Total Material
     Flux                                 0.0065372 +/- 0.0037838
     (n,Xt)                               0 +/- 0
     heating-local                        0 +/- 0
     Absorption Rate                      0 +/- 0
 Mesh Index (4, 1, 45)
   Total Material
     Flux                                 0.00159925 +/- 0.00159925
     (n,Xt)                               0 +/- 0
     heating-local                        0 +/- 0
     Absorption Rate                      0 +/- 0
 Mesh Index (5, 1, 45)
   Total Material
     Flux                                 0.00528144 +/- 0.00305507
     (n,Xt)                               0 +/- 0
     heating-local                        0 +/- 0
     Absorption Rate                      0.000254097 +/- 0.000132175
 Mesh Index (6, 1, 45)
   Total Material
     Flux                                 0.0138995 +/- 0.00476665
     (n,Xt)                               0 +/- 0
     heating-local                        0 +/- 0
     Absorption Rate                      0.00391074 +/- 0.00354697
 Mesh Index (7, 1, 45)
   Total Material
     Flux                                 0.00663483 +/- 0.00590867
     (n,Xt)                               0 +/- 0
     heating-local                        0 +/- 0
     Absorption Rate                      0 +/- 0
 Mesh Index (8, 1, 45)
   Total Material
     Flux                                 0.0120037 +/- 0.00450603
     (n,Xt)                               0 +/- 0
     heating-local                        0 +/- 0
     Absorption Rate                      4.321e-05 +/- 3.14579e-05
 Mesh Index (9, 1, 45)
   Total Material
     Flux                                 0.0148414 +/- 0.00836028
     (n,Xt)                               0 +/- 0
     heating-local                        0 +/- 0
     Absorption Rate                      0.000221238 +/- 0.000154971
 Mesh Index (10, 1, 45)
   Total Material
     Flux                                 0.0149154 +/- 0.00497037
     (n,Xt)                               0 +/- 0
     heating-local                        0 +/- 0
     Absorption Rate                      8.0544e-06 +/- 8.0544e-06
 Mesh Index (11, 1, 45)
   Total Material
     Flux                                 0.00550188 +/- 0.00322413
     (n,Xt)                               0 +/- 0
     heating-local                        0 +/- 0
     Absorption Rate                      0.000211961 +/- 0.000149642
 Mesh Index (12, 1, 45)
   Total Material
     Flux                                 0.00894684 +/- 0.00384307
     (n,Xt)                               0 +/- 0
     heating-local                        0 +/- 0
     Absorption Rate                      0.000572944 +/- 0.00050007
 Mesh Index (13, 1, 45)
   Total Material
     Flux                                 0.0189981 +/- 0.00624945
     (n,Xt)                               0 +/- 0
     heating-local                        0 +/- 0
     Absorption Rate                      0 +/- 0
 Mesh Index (14, 1, 45)
   Total Material
     Flux                                 0.00748987 +/- 0.00293772
     (n,Xt)                               0 +/- 0
     heating-local                        0 +/- 0
     Absorption Rate                      0 +/- 0
 Mesh Index (15, 1, 45)
   Total Material
     Flux                                 0.012317 +/- 0.00488022
     (n,Xt)                               0 +/- 0
     heating-local                        0 +/- 0
     Absorption Rate                      0.000134523 +/- 0.000132479
 Mesh Index (16, 1, 45)
   Total Material
     Flux                                 0.0250836 +/- 0.00746455
     (n,Xt)                               0 +/- 0
     heating-local                        0 +/- 0
     Absorption Rate                      0.00136898 +/- 0.00109476
 Mesh Index (17, 1, 45)
   Total Material
     Flux                                 0.0283603 +/- 0.00556899
     (n,Xt)                               0 +/- 0
     heating-local                        0 +/- 0
     Absorption Rate                      0.000558711 +/- 0.00023387
 Mesh Index (18, 1, 45)
   Total Material
     Flux                                 0.0215039 +/- 0.00684363
     (n,Xt)                               0 +/- 0
     heating-local                        0 +/- 0
     Absorption Rate                      0.000892818 +/- 0.000590014
 Mesh Index (19, 1, 45)
   Total Material
     Flux                                 0.0123716 +/- 0.00737896
     (n,Xt)                               0 +/- 0
     heating-local                        0 +/- 0
     Absorption Rate                      0.000355692 +/- 0.000224145
 Mesh Index (20, 1, 45)
   Total Material
     Flux                                 0.00348848 +/- 0.00177706
     (n,Xt)                               0 +/- 0
     heating-local                        0 +/- 0
     Absorption Rate                      0.000308031 +/- 0.000233428
 Mesh Index (21, 1, 45)
   Total Material
     Flux                                 0.00366249 +/- 0.00299248
     (n,Xt)                               0 +/- 0
     heating-local                        0 +/- 0
     Absorption Rate                      0.000393052 +/- 0.000391503
 Mesh Index (22, 1, 45)
   Total Material
     Flux                                 0.00387504 +/- 0.00320269
     (n,Xt)                               0 +/- 0
     heating-local                        0 +/- 0
     Absorption Rate                      6.6816e-06 +/- 6.6816e-06
 Mesh Index (23, 1, 45)
   Total Material
     Flux                                 0.00954452 +/- 0.00378989
     (n,Xt)                               0 +/- 0
     heating-local                        0 +/- 0
     Absorption Rate                      2.20872e-05 +/- 2.00288e-05
 Mesh Index (24, 1, 45)
   Total Material
     Flux                                 0.00975906 +/- 0.00435156
     (n,Xt)                               0 +/- 0
     heating-local                        0 +/- 0
     Absorption Rate                      3.12547e-05 +/- 3.12547e-05
 Mesh Index (1, 1, 46)
   Total Material
     Flux                                 0 +/- 0
     (n,Xt)                               0 +/- 0
     heating-local                        0 +/- 0
     Absorption Rate                      0 +/- 0
 Mesh Index (2, 1, 46)
   Total Material
     Flux                                 0.00363279 +/- 0.0024428
     (n,Xt)                               0 +/- 0
     heating-local                        0 +/- 0
     Absorption Rate                      0 +/- 0
 Mesh Index (3, 1, 46)
   Total Material
     Flux                                 0.00805862 +/- 0.00375787
     (n,Xt)                               0 +/- 0
     heating-local                        0 +/- 0
     Absorption Rate                      0 +/- 0
 Mesh Index (4, 1, 46)
   Total Material
     Flux                                 0.000212107 +/- 0.000212107
     (n,Xt)                               0 +/- 0
     heating-local                        0 +/- 0
     Absorption Rate                      5.05815e-06 +/- 5.05815e-06
 Mesh Index (5, 1, 46)
   Total Material
     Flux                                 0.00275329 +/- 0.00275329
     (n,Xt)                               0 +/- 0
     heating-local                        0 +/- 0
     Absorption Rate                      6.56582e-05 +/- 6.56582e-05
 Mesh Index (6, 1, 46)
   Total Material
     Flux                                 0.0145776 +/- 0.00617799
     (n,Xt)                               0 +/- 0
     heating-local                        0 +/- 0
     Absorption Rate                      0.000342092 +/- 0.000342092
 Mesh Index (7, 1, 46)
   Total Material
     Flux                                 0.00955052 +/- 0.00603145
     (n,Xt)                               0 +/- 0
     heating-local                        0 +/- 0
     Absorption Rate                      0 +/- 0
 Mesh Index (8, 1, 46)
   Total Material
     Flux                                 0.0063653 +/- 0.00356306
     (n,Xt)                               0 +/- 0
     heating-local                        0 +/- 0
     Absorption Rate                      0 +/- 0
 Mesh Index (9, 1, 46)
   Total Material
     Flux                                 0.00940997 +/- 0.00480421
     (n,Xt)                               0 +/- 0
     heating-local                        0 +/- 0
     Absorption Rate                      0 +/- 0
 Mesh Index (10, 1, 46)
   Total Material
     Flux                                 0.0106899 +/- 0.00460554
     (n,Xt)                               0 +/- 0
     heating-local                        0 +/- 0
     Absorption Rate                      0 +/- 0
 Mesh Index (11, 1, 46)
   Total Material
     Flux                                 0.00655438 +/- 0.00445228
     (n,Xt)                               0 +/- 0
     heating-local                        0 +/- 0
     Absorption Rate                      0 +/- 0
 Mesh Index (12, 1, 46)
   Total Material
     Flux                                 0.00588814 +/- 0.00339212
     (n,Xt)                               0 +/- 0
     heating-local                        0 +/- 0
     Absorption Rate                      0.000272327 +/- 0.000208784
 Mesh Index (13, 1, 46)
   Total Material
     Flux                                 0.0117621 +/- 0.00449194
     (n,Xt)                               0 +/- 0
     heating-local                        0 +/- 0
     Absorption Rate                      0.000492896 +/- 0.000492896
 Mesh Index (14, 1, 46)
   Total Material
     Flux                                 0.0197394 +/- 0.00765842
     (n,Xt)                               0 +/- 0
     heating-local                        0 +/- 0
     Absorption Rate                      0 +/- 0
 Mesh Index (15, 1, 46)
   Total Material
     Flux                                 0.0048167 +/- 0.00246434
     (n,Xt)                               0 +/- 0
     heating-local                        0 +/- 0
     Absorption Rate                      1.47943e-05 +/- 1.47943e-05
 Mesh Index (16, 1, 46)
   Total Material
     Flux                                 0.0126204 +/- 0.00502548
     (n,Xt)                               0 +/- 0
     heating-local                        0 +/- 0
     Absorption Rate                      0 +/- 0
 Mesh Index (17, 1, 46)
   Total Material
     Flux                                 0.0245769 +/- 0.00609083
     (n,Xt)                               0 +/- 0
     heating-local                        0 +/- 0
     Absorption Rate                      0.00131269 +/- 0.00106863
 Mesh Index (18, 1, 46)
   Total Material
     Flux                                 0.0241213 +/- 0.00555321
     (n,Xt)                               0 +/- 0
     heating-local                        0 +/- 0
     Absorption Rate                      0.000408427 +/- 0.000220509
 Mesh Index (19, 1, 46)
   Total Material
     Flux                                 0.0151001 +/- 0.00521537
     (n,Xt)                               0 +/- 0
     heating-local                        0 +/- 0
     Absorption Rate                      0.000600731 +/- 0.000376969
 Mesh Index (20, 1, 46)
   Total Material
     Flux                                 0.0233163 +/- 0.00854669
     (n,Xt)                               0 +/- 0
     heating-local                        0 +/- 0
     Absorption Rate                      0.0134556 +/- 0.011649
 Mesh Index (21, 1, 46)
   Total Material
     Flux                                 0.0164831 +/- 0.00496818
     (n,Xt)                               0 +/- 0
     heating-local                        0 +/- 0
     Absorption Rate                      0.015577 +/- 0.0142059
 Mesh Index (22, 1, 46)
   Total Material
     Flux                                 0.00555056 +/- 0.00339363
     (n,Xt)                               0 +/- 0
     heating-local                        0 +/- 0
     Absorption Rate                      0.00866145 +/- 0.00813354
 Mesh Index (23, 1, 46)
   Total Material
     Flux                                 0.00358505 +/- 0.0024934
     (n,Xt)                               0 +/- 0
     heating-local                        0 +/- 0
     Absorption Rate                      0.000176994 +/- 0.000171806
 Mesh Index (24, 1, 46)
   Total Material
     Flux                                 0.00473368 +/- 0.00314575
     (n,Xt)                               0 +/- 0
     heating-local                        0 +/- 0
     Absorption Rate                      5.55872e-06 +/- 5.2644e-06
 Mesh Index (1, 1, 47)
   Total Material
     Flux                                 0 +/- 0
     (n,Xt)                               0 +/- 0
     heating-local                        0 +/- 0
     Absorption Rate                      0 +/- 0
 Mesh Index (2, 1, 47)
   Total Material
     Flux                                 0.00146388 +/- 0.00146388
     (n,Xt)                               0 +/- 0
     heating-local                        0 +/- 0
     Absorption Rate                      0 +/- 0
 Mesh Index (3, 1, 47)
   Total Material
     Flux                                 0.014519 +/- 0.00657482
     (n,Xt)                               0 +/- 0
     heating-local                        0 +/- 0
     Absorption Rate                      0.000588611 +/- 0.000588611
 Mesh Index (4, 1, 47)
   Total Material
     Flux                                 0.00309142 +/- 0.00309142
     (n,Xt)                               0 +/- 0
     heating-local                        0 +/- 0
     Absorption Rate                      7.07163e-05 +/- 7.07163e-05
 Mesh Index (5, 1, 47)
   Total Material
     Flux                                 0.000551307 +/- 0.000551307
     (n,Xt)                               0 +/- 0
     heating-local                        0 +/- 0
     Absorption Rate                      0 +/- 0
 Mesh Index (6, 1, 47)
   Total Material
     Flux                                 0.00891371 +/- 0.00442299
     (n,Xt)                               0 +/- 0
     heating-local                        0 +/- 0
     Absorption Rate                      0.000342092 +/- 0.000342092
 Mesh Index (7, 1, 47)
   Total Material
     Flux                                 0.0104571 +/- 0.0063095
     (n,Xt)                               0 +/- 0
     heating-local                        0 +/- 0
     Absorption Rate                      0.000234456 +/- 0.000234456
 Mesh Index (8, 1, 47)
   Total Material
     Flux                                 0.0060997 +/- 0.00462587
     (n,Xt)                               0 +/- 0
     heating-local                        0 +/- 0
     Absorption Rate                      0.000459632 +/- 0.000459632
 Mesh Index (9, 1, 47)
   Total Material
     Flux                                 0.00741773 +/- 0.00358756
     (n,Xt)                               0 +/- 0
     heating-local                        0 +/- 0
     Absorption Rate                      0 +/- 0
 Mesh Index (10, 1, 47)
   Total Material
     Flux                                 0.0127721 +/- 0.00455141
     (n,Xt)                               0 +/- 0
     heating-local                        0 +/- 0
     Absorption Rate                      0 +/- 0
 Mesh Index (11, 1, 47)
   Total Material
     Flux                                 0.0111049 +/- 0.00669471
     (n,Xt)                               0 +/- 0
     heating-local                        0 +/- 0
     Absorption Rate                      0 +/- 0
 Mesh Index (12, 1, 47)
   Total Material
     Flux                                 0.0025138 +/- 0.0025138
     (n,Xt)                               0 +/- 0
     heating-local                        0 +/- 0
     Absorption Rate                      0 +/- 0
 Mesh Index (13, 1, 47)
   Total Material
     Flux                                 0.00277533 +/- 0.00130353
     (n,Xt)                               0 +/- 0
     heating-local                        0 +/- 0
     Absorption Rate                      0.000214284 +/- 0.000214284
 Mesh Index (14, 1, 47)
   Total Material
     Flux                                 0.020203 +/- 0.00572169
     (n,Xt)                               0 +/- 0
     heating-local                        0 +/- 0
     Absorption Rate                      0.000483937 +/- 0.000483937
 Mesh Index (15, 1, 47)
   Total Material
     Flux                                 0.0140629 +/- 0.00488687
     (n,Xt)                               0 +/- 0
     heating-local                        0 +/- 0
     Absorption Rate                      3.02745e-05 +/- 3.02745e-05
 Mesh Index (16, 1, 47)
   Total Material
     Flux                                 0.00511909 +/- 0.00324456
     (n,Xt)                               0 +/- 0
     heating-local                        0 +/- 0
     Absorption Rate                      0 +/- 0
 Mesh Index (17, 1, 47)
   Total Material
     Flux                                 0.00893414 +/- 0.00512729
     (n,Xt)                               0 +/- 0
     heating-local                        0 +/- 0
     Absorption Rate                      0 +/- 0
 Mesh Index (18, 1, 47)
   Total Material
     Flux                                 0.0189532 +/- 0.00442636
     (n,Xt)                               0 +/- 0
     heating-local                        0 +/- 0
     Absorption Rate                      0.00101795 +/- 0.000909976
 Mesh Index (19, 1, 47)
   Total Material
     Flux                                 0.022103 +/- 0.00540415
     (n,Xt)                               0 +/- 0
     heating-local                        0 +/- 0
     Absorption Rate                      0.000526375 +/- 0.000341923
 Mesh Index (20, 1, 47)
   Total Material
     Flux                                 0.0120548 +/- 0.0042381
     (n,Xt)                               0 +/- 0
     heating-local                        0 +/- 0
     Absorption Rate                      0.000248919 +/- 0.000116263
 Mesh Index (21, 1, 47)
   Total Material
     Flux                                 0.0125214 +/- 0.0056836
     (n,Xt)                               0 +/- 0
     heating-local                        0 +/- 0
     Absorption Rate                      0.000722557 +/- 0.000383141
 Mesh Index (22, 1, 47)
   Total Material
     Flux                                 0.0171243 +/- 0.0056238
     (n,Xt)                               0 +/- 0
     heating-local                        0 +/- 0
     Absorption Rate                      0.00767462 +/- 0.0060229
 Mesh Index (23, 1, 47)
   Total Material
     Flux                                 0.0109204 +/- 0.00388881
     (n,Xt)                               0 +/- 0
     heating-local                        0 +/- 0
     Absorption Rate                      0.014904 +/- 0.0141888
 Mesh Index (24, 1, 47)
   Total Material
     Flux                                 0.00778352 +/- 0.00364994
     (n,Xt)                               0 +/- 0
     heating-local                        0 +/- 0
     Absorption Rate                      0.0146499 +/- 0.0141872
 Mesh Index (1, 1, 48)
   Total Material
     Flux                                 0 +/- 0
     (n,Xt)                               0 +/- 0
     heating-local                        0 +/- 0
     Absorption Rate                      0 +/- 0
 Mesh Index (2, 1, 48)
   Total Material
     Flux                                 0 +/- 0
     (n,Xt)                               0 +/- 0
     heating-local                        0 +/- 0
     Absorption Rate                      0 +/- 0
 Mesh Index (3, 1, 48)
   Total Material
     Flux                                 0.0106114 +/- 0.00505994
     (n,Xt)                               0 +/- 0
     heating-local                        0 +/- 0
     Absorption Rate                      0.000152853 +/- 0.000150718
 Mesh Index (4, 1, 48)
   Total Material
     Flux                                 0.00651454 +/- 0.00355766
     (n,Xt)                               0 +/- 0
     heating-local                        0 +/- 0
     Absorption Rate                      4.01723e-05 +/- 4.01723e-05
 Mesh Index (5, 1, 48)
   Total Material
     Flux                                 0.00297825 +/- 0.00297825
     (n,Xt)                               0 +/- 0
     heating-local                        0 +/- 0
     Absorption Rate                      0 +/- 0
 Mesh Index (6, 1, 48)
   Total Material
     Flux                                 0.00700751 +/- 0.00377915
     (n,Xt)                               0 +/- 0
     heating-local                        0 +/- 0
     Absorption Rate                      0.000342092 +/- 0.000342092
 Mesh Index (7, 1, 48)
   Total Material
     Flux                                 0.00551568 +/- 0.00381782
     (n,Xt)                               0 +/- 0
     heating-local                        0 +/- 0
     Absorption Rate                      0 +/- 0
 Mesh Index (8, 1, 48)
   Total Material
     Flux                                 0.0156264 +/- 0.0068747
     (n,Xt)                               0 +/- 0
     heating-local                        0 +/- 0
     Absorption Rate                      0.00374958 +/- 0.00374958
 Mesh Index (9, 1, 48)
   Total Material
     Flux                                 0.00935884 +/- 0.00477502
     (n,Xt)                               0 +/- 0
     heating-local                        0 +/- 0
     Absorption Rate                      6.87872e-05 +/- 6.87872e-05
 Mesh Index (10, 1, 48)
   Total Material
     Flux                                 0.00431837 +/- 0.00307513
     (n,Xt)                               0 +/- 0
     heating-local                        0 +/- 0
     Absorption Rate                      0 +/- 0
 Mesh Index (11, 1, 48)
   Total Material
     Flux                                 0.0189815 +/- 0.00694646
     (n,Xt)                               0 +/- 0
     heating-local                        0 +/- 0
     Absorption Rate                      3.15999e-05 +/- 3.15999e-05
 Mesh Index (12, 1, 48)
   Total Material
     Flux                                 0.00749524 +/- 0.003845
     (n,Xt)                               0 +/- 0
     heating-local                        0 +/- 0
     Absorption Rate                      0 +/- 0
 Mesh Index (13, 1, 48)
   Total Material
     Flux                                 0.00315719 +/- 0.00315719
     (n,Xt)                               0 +/- 0
     heating-local                        0 +/- 0
     Absorption Rate                      0 +/- 0
 Mesh Index (14, 1, 48)
   Total Material
     Flux                                 0.00651502 +/- 0.00351937
     (n,Xt)                               0 +/- 0
     heating-local                        0 +/- 0
     Absorption Rate                      0.000222358 +/- 0.000222358
 Mesh Index (15, 1, 48)
   Total Material
     Flux                                 0.0204172 +/- 0.00727029
     (n,Xt)                               0 +/- 0
     heating-local                        0 +/- 0
     Absorption Rate                      0.000477126 +/- 0.000475725
 Mesh Index (16, 1, 48)
   Total Material
     Flux                                 0.0082007 +/- 0.00369651
     (n,Xt)                               0 +/- 0
     heating-local                        0 +/- 0
     Absorption Rate                      2.90118e-05 +/- 2.90118e-05
 Mesh Index (17, 1, 48)
   Total Material
     Flux                                 0.00605549 +/- 0.00375819
     (n,Xt)                               0 +/- 0
     heating-local                        0 +/- 0
     Absorption Rate                      0 +/- 0
 Mesh Index (18, 1, 48)
   Total Material
     Flux                                 0.00770702 +/- 0.00482197
     (n,Xt)                               0 +/- 0
     heating-local                        0 +/- 0
     Absorption Rate                      0 +/- 0
 Mesh Index (19, 1, 48)
   Total Material
     Flux                                 0.015251 +/- 0.00375646
     (n,Xt)                               0 +/- 0
     heating-local                        0 +/- 0
     Absorption Rate                      0.00086345 +/- 0.000735827
 Mesh Index (20, 1, 48)
   Total Material
     Flux                                 0.019453 +/- 0.00520317
     (n,Xt)                               0 +/- 0
     heating-local                        0 +/- 0
     Absorption Rate                      0.000647951 +/- 0.000506551
 Mesh Index (21, 1, 48)
   Total Material
     Flux                                 0.00760137 +/- 0.00380922
     (n,Xt)                               0 +/- 0
     heating-local                        0 +/- 0
     Absorption Rate                      0.000120804 +/- 7.46251e-05
 Mesh Index (22, 1, 48)
   Total Material
     Flux                                 0.00832571 +/- 0.00370146
     (n,Xt)                               0 +/- 0
     heating-local                        0 +/- 0
     Absorption Rate                      0.000244034 +/- 0.000170025
 Mesh Index (23, 1, 48)
   Total Material
     Flux                                 0.00951339 +/- 0.00424317
     (n,Xt)                               0 +/- 0
     heating-local                        0 +/- 0
     Absorption Rate                      0.00121535 +/- 0.00094386
 Mesh Index (24, 1, 48)
   Total Material
     Flux                                 0.011102 +/- 0.00467922
     (n,Xt)                               0 +/- 0
     heating-local                        0 +/- 0
     Absorption Rate                      0.0010995 +/- 0.0005421
 Mesh Index (1, 1, 49)
   Total Material
     Flux                                 0.00101012 +/- 0.00101012
     (n,Xt)                               0 +/- 0
     heating-local                        0 +/- 0
     Absorption Rate                      0 +/- 0
 Mesh Index (2, 1, 49)
   Total Material
     Flux                                 0 +/- 0
     (n,Xt)                               0 +/- 0
     heating-local                        0 +/- 0
     Absorption Rate                      0 +/- 0
 Mesh Index (3, 1, 49)
   Total Material
     Flux                                 0.00415131 +/- 0.00307271
     (n,Xt)                               0 +/- 0
     heating-local                        0 +/- 0
     Absorption Rate                      3.26797e-06 +/- 3.26797e-06
 Mesh Index (4, 1, 49)
   Total Material
     Flux                                 0.0128908 +/- 0.00650249
     (n,Xt)                               0 +/- 0
     heating-local                        0 +/- 0
     Absorption Rate                      3.66237e-06 +/- 3.60253e-06
 Mesh Index (5, 1, 49)
   Total Material
     Flux                                 0.00190162 +/- 0.00190162
     (n,Xt)                               0 +/- 0
     heating-local                        0 +/- 0
     Absorption Rate                      0 +/- 0
 Mesh Index (6, 1, 49)
   Total Material
     Flux                                 0.00387353 +/- 0.00288279
     (n,Xt)                               0 +/- 0
     heating-local                        0 +/- 0
     Absorption Rate                      3.15784e-05 +/- 3.15784e-05
 Mesh Index (7, 1, 49)
   Total Material
     Flux                                 0.00861514 +/- 0.00438984
     (n,Xt)                               0 +/- 0
     heating-local                        0 +/- 0
     Absorption Rate                      0 +/- 0
 Mesh Index (8, 1, 49)
   Total Material
     Flux                                 0.0135568 +/- 0.00617369
     (n,Xt)                               0 +/- 0
     heating-local                        0 +/- 0
     Absorption Rate                      0.000257762 +/- 0.000257762
 Mesh Index (9, 1, 49)
   Total Material
     Flux                                 0.0127626 +/- 0.00569312
     (n,Xt)                               0 +/- 0
     heating-local                        0 +/- 0
     Absorption Rate                      0.000165692 +/- 0.000165692
 Mesh Index (10, 1, 49)
   Total Material
     Flux                                 0.0117124 +/- 0.00570574
     (n,Xt)                               0 +/- 0
     heating-local                        0 +/- 0
     Absorption Rate                      0.00315569 +/- 0.00315569
 Mesh Index (11, 1, 49)
   Total Material
     Flux                                 0.0132958 +/- 0.00462395
     (n,Xt)                               0 +/- 0
     heating-local                        0 +/- 0
     Absorption Rate                      4.58911e-05 +/- 4.58911e-05
 Mesh Index (12, 1, 49)
   Total Material
     Flux                                 0.0162301 +/- 0.00899056
     (n,Xt)                               0 +/- 0
     heating-local                        0 +/- 0
     Absorption Rate                      1.88181e-07 +/- 1.88181e-07
 Mesh Index (13, 1, 49)
   Total Material
     Flux                                 0.00207546 +/- 0.00207546
     (n,Xt)                               0 +/- 0
     heating-local                        0 +/- 0
     Absorption Rate                      0 +/- 0
 Mesh Index (14, 1, 49)
   Total Material
     Flux                                 0.00108173 +/- 0.00108173
     (n,Xt)                               0 +/- 0
     heating-local                        0 +/- 0
     Absorption Rate                      0 +/- 0
 Mesh Index (15, 1, 49)
   Total Material
     Flux                                 0.0152425 +/- 0.00470676
     (n,Xt)                               0 +/- 0
     heating-local                        0 +/- 0
     Absorption Rate                      0.000229726 +/- 0.000229726
 Mesh Index (16, 1, 49)
   Total Material
     Flux                                 0.0157308 +/- 0.00504878
     (n,Xt)                               0 +/- 0
     heating-local                        0 +/- 0
     Absorption Rate                      0.000486228 +/- 0.000466859
 Mesh Index (17, 1, 49)
   Total Material
     Flux                                 0.00380674 +/- 0.00195041
     (n,Xt)                               0 +/- 0
     heating-local                        0 +/- 0
     Absorption Rate                      1.25429e-05 +/- 1.25429e-05
 Mesh Index (18, 1, 49)
   Total Material
     Flux                                 0.00715308 +/- 0.00388897
     (n,Xt)                               0 +/- 0
     heating-local                        0 +/- 0
     Absorption Rate                      0 +/- 0
 Mesh Index (19, 1, 49)
   Total Material
     Flux                                 0.0074074 +/- 0.00404875
     (n,Xt)                               0 +/- 0
     heating-local                        0 +/- 0
     Absorption Rate                      0 +/- 0
 Mesh Index (20, 1, 49)
   Total Material
     Flux                                 0.0128392 +/- 0.00322302
     (n,Xt)                               0 +/- 0
     heating-local                        0 +/- 0
     Absorption Rate                      0.000613312 +/- 0.000551718
 Mesh Index (21, 1, 49)
   Total Material
     Flux                                 0.0143094 +/- 0.00467726
     (n,Xt)                               0 +/- 0
     heating-local                        0 +/- 0
     Absorption Rate                      0.000538705 +/- 0.000530164
 Mesh Index (22, 1, 49)
   Total Material
     Flux                                 0.00573157 +/- 0.00348443
     (n,Xt)                               0 +/- 0
     heating-local                        0 +/- 0
     Absorption Rate                      6.88009e-05 +/- 4.36453e-05
 Mesh Index (23, 1, 49)
   Total Material
     Flux                                 0.00688963 +/- 0.00393474
     (n,Xt)                               0 +/- 0
     heating-local                        0 +/- 0
     Absorption Rate                      0.000223124 +/- 0.000197102
 Mesh Index (24, 1, 49)
   Total Material
     Flux                                 0.00566798 +/- 0.00358618
     (n,Xt)                               0 +/- 0
     heating-local                        0 +/- 0
     Absorption Rate                      0.000558051 +/- 0.000517848
 =================>     TALLY 20: TBR CHANNEL TALLY      <==================

 Material 55
   Li6
     (n,Xt)                               0.00019877 +/- 9.86945e-05
   Li7
     (n,Xt)                               5.41281e-10 +/- 3.80344e-10
 ==================>     TALLY 21: TBR BLANKET TALLY     <==================

 Cell 64
   Li6
     (n,Xt)                               0.697463 +/- 0.0122373
   Li7
     (n,Xt)                               1.00856e-05 +/- 1.03757e-07
